code,treat,lun
g7uoijja,1,1
8g2iaxf0,1,1
1yemb6kz,1,1
x6cv314a,1,1
26ovv9nz,1,1
qrj0woux,1,1
edydbr11,1,1
i3ugntg2,1,1
nil7z8nt,1,1
i3wgnab9,1,1
7rmwik5s,1,1
mzj836b0,1,1
1gblxsq7,1,1
t9m6tgki,1,1
4hjk8ew7,1,1
luq8s82b,1,1
96b2y1fq,1,1
iuy2mq1n,1,1
zca7zxyf,1,1
jj2wn94h,1,1
68araqh7,1,1
zzpnlqei,1,1
v5p7lv20,1,1
11qpbunz,1,1
yaiqosbx,1,1
xp91b3qj,1,1
9t4dpmrw,1,1
i6lqx8ts,1,1
sqfmjhqp,1,1
5kkr5060,1,1
g7uoijja,1,2
8g2iaxf0,1,2
1yemb6kz,1,2
x6cv314a,1,2
26ovv9nz,1,2
qrj0woux,1,2
edydbr11,1,2
i3ugntg2,1,2
nil7z8nt,1,2
i3wgnab9,1,2
7rmwik5s,1,2
mzj836b0,1,2
1gblxsq7,1,2
t9m6tgki,1,2
4hjk8ew7,1,2
luq8s82b,1,2
96b2y1fq,1,2
iuy2mq1n,1,2
zca7zxyf,1,2
jj2wn94h,1,2
68araqh7,1,2
zzpnlqei,1,2
v5p7lv20,1,2
11qpbunz,1,2
yaiqosbx,1,2
xp91b3qj,1,2
9t4dpmrw,1,2
i6lqx8ts,1,2
sqfmjhqp,1,2
5kkr5060,1,2
g7uoijja,1,3
8g2iaxf0,1,3
1yemb6kz,1,3
x6cv314a,1,3
26ovv9nz,1,3
qrj0woux,1,3
edydbr11,1,3
i3ugntg2,1,3
nil7z8nt,1,3
i3wgnab9,1,3
7rmwik5s,1,3
mzj836b0,1,3
1gblxsq7,1,3
t9m6tgki,1,3
4hjk8ew7,1,3
luq8s82b,1,3
96b2y1fq,1,3
iuy2mq1n,1,3
zca7zxyf,1,3
jj2wn94h,1,3
68araqh7,1,3
zzpnlqei,1,3
v5p7lv20,1,3
11qpbunz,1,3
yaiqosbx,1,3
xp91b3qj,1,3
9t4dpmrw,1,3
i6lqx8ts,1,3
sqfmjhqp,1,3
5kkr5060,1,3
g7uoijja,1,4
8g2iaxf0,1,4
1yemb6kz,1,4
x6cv314a,1,4
26ovv9nz,1,4
qrj0woux,1,4
edydbr11,1,4
i3ugntg2,1,4
nil7z8nt,1,4
i3wgnab9,1,4
7rmwik5s,1,4
mzj836b0,1,4
1gblxsq7,1,4
t9m6tgki,1,4
4hjk8ew7,1,4
luq8s82b,1,4
96b2y1fq,1,4
iuy2mq1n,1,4
zca7zxyf,1,4
jj2wn94h,1,4
68araqh7,1,4
zzpnlqei,1,4
v5p7lv20,1,4
11qpbunz,1,4
yaiqosbx,1,4
xp91b3qj,1,4
9t4dpmrw,1,4
i6lqx8ts,1,4
sqfmjhqp,1,4
5kkr5060,1,4
g7uoijja,1,5
8g2iaxf0,1,5
1yemb6kz,1,5
x6cv314a,1,5
26ovv9nz,1,5
qrj0woux,1,5
edydbr11,1,5
i3ugntg2,1,5
nil7z8nt,1,5
i3wgnab9,1,5
7rmwik5s,1,5
mzj836b0,1,5
1gblxsq7,1,5
t9m6tgki,1,5
4hjk8ew7,1,5
luq8s82b,1,5
96b2y1fq,1,5
iuy2mq1n,1,5
zca7zxyf,1,5
jj2wn94h,1,5
68araqh7,1,5
zzpnlqei,1,5
v5p7lv20,1,5
11qpbunz,1,5
yaiqosbx,1,5
xp91b3qj,1,5
9t4dpmrw,1,5
i6lqx8ts,1,5
sqfmjhqp,1,5
5kkr5060,1,5
g7uoijja,1,6
8g2iaxf0,1,6
1yemb6kz,1,6
x6cv314a,1,6
26ovv9nz,1,6
qrj0woux,1,6
edydbr11,1,6
i3ugntg2,1,6
nil7z8nt,1,6
i3wgnab9,1,6
7rmwik5s,1,6
mzj836b0,1,6
1gblxsq7,1,6
t9m6tgki,1,6
4hjk8ew7,1,6
luq8s82b,1,6
96b2y1fq,1,6
iuy2mq1n,1,6
zca7zxyf,1,6
jj2wn94h,1,6
68araqh7,1,6
zzpnlqei,1,6
v5p7lv20,1,6
11qpbunz,1,6
yaiqosbx,1,6
xp91b3qj,1,6
9t4dpmrw,1,6
i6lqx8ts,1,6
sqfmjhqp,1,6
5kkr5060,1,6
g7uoijja,1,7
8g2iaxf0,1,7
1yemb6kz,1,7
x6cv314a,1,7
26ovv9nz,1,7
qrj0woux,1,7
edydbr11,1,7
i3ugntg2,1,7
nil7z8nt,1,7
i3wgnab9,1,7
7rmwik5s,1,7
mzj836b0,1,7
1gblxsq7,1,7
t9m6tgki,1,7
4hjk8ew7,1,7
luq8s82b,1,7
96b2y1fq,1,7
iuy2mq1n,1,7
zca7zxyf,1,7
jj2wn94h,1,7
68araqh7,1,7
zzpnlqei,1,7
v5p7lv20,1,7
11qpbunz,1,7
yaiqosbx,1,7
xp91b3qj,1,7
9t4dpmrw,1,7
i6lqx8ts,1,7
sqfmjhqp,1,7
5kkr5060,1,7
g7uoijja,1,8
8g2iaxf0,1,8
1yemb6kz,1,8
x6cv314a,1,8
26ovv9nz,1,8
qrj0woux,1,8
edydbr11,1,8
i3ugntg2,1,8
nil7z8nt,1,8
i3wgnab9,1,8
7rmwik5s,1,8
mzj836b0,1,8
1gblxsq7,1,8
t9m6tgki,1,8
4hjk8ew7,1,8
luq8s82b,1,8
96b2y1fq,1,8
iuy2mq1n,1,8
zca7zxyf,1,8
jj2wn94h,1,8
68araqh7,1,8
zzpnlqei,1,8
v5p7lv20,1,8
11qpbunz,1,8
yaiqosbx,1,8
xp91b3qj,1,8
9t4dpmrw,1,8
i6lqx8ts,1,8
sqfmjhqp,1,8
5kkr5060,1,8
g7uoijja,1,9
8g2iaxf0,1,9
1yemb6kz,1,9
x6cv314a,1,9
26ovv9nz,1,9
qrj0woux,1,9
edydbr11,1,9
i3ugntg2,1,9
nil7z8nt,1,9
i3wgnab9,1,9
7rmwik5s,1,9
mzj836b0,1,9
1gblxsq7,1,9
t9m6tgki,1,9
4hjk8ew7,1,9
luq8s82b,1,9
96b2y1fq,1,9
iuy2mq1n,1,9
zca7zxyf,1,9
jj2wn94h,1,9
68araqh7,1,9
zzpnlqei,1,9
v5p7lv20,1,9
11qpbunz,1,9
yaiqosbx,1,9
xp91b3qj,1,9
9t4dpmrw,1,9
i6lqx8ts,1,9
sqfmjhqp,1,9
5kkr5060,1,9
g7uoijja,1,10
8g2iaxf0,1,10
1yemb6kz,1,10
x6cv314a,1,10
26ovv9nz,1,10
qrj0woux,1,10
edydbr11,1,10
i3ugntg2,1,10
nil7z8nt,1,10
i3wgnab9,1,10
7rmwik5s,1,10
mzj836b0,1,10
1gblxsq7,1,10
t9m6tgki,1,10
4hjk8ew7,1,10
luq8s82b,1,10
96b2y1fq,1,10
iuy2mq1n,1,10
zca7zxyf,1,10
jj2wn94h,1,10
68araqh7,1,10
zzpnlqei,1,10
v5p7lv20,1,10
11qpbunz,1,10
yaiqosbx,1,10
xp91b3qj,1,10
9t4dpmrw,1,10
i6lqx8ts,1,10
sqfmjhqp,1,10
5kkr5060,1,10
g7uoijja,1,11
8g2iaxf0,1,11
1yemb6kz,1,11
x6cv314a,1,11
26ovv9nz,1,11
qrj0woux,1,11
edydbr11,1,11
i3ugntg2,1,11
nil7z8nt,1,11
i3wgnab9,1,11
7rmwik5s,1,11
mzj836b0,1,11
1gblxsq7,1,11
t9m6tgki,1,11
4hjk8ew7,1,11
luq8s82b,1,11
96b2y1fq,1,11
iuy2mq1n,1,11
zca7zxyf,1,11
jj2wn94h,1,11
68araqh7,1,11
zzpnlqei,1,11
v5p7lv20,1,11
11qpbunz,1,11
yaiqosbx,1,11
xp91b3qj,1,11
9t4dpmrw,1,11
i6lqx8ts,1,11
sqfmjhqp,1,11
5kkr5060,1,11
g7uoijja,1,12
8g2iaxf0,1,12
1yemb6kz,1,12
x6cv314a,1,12
26ovv9nz,1,12
qrj0woux,1,12
edydbr11,1,12
i3ugntg2,1,12
nil7z8nt,1,12
i3wgnab9,1,12
7rmwik5s,1,12
mzj836b0,1,12
1gblxsq7,1,12
t9m6tgki,1,12
4hjk8ew7,1,12
luq8s82b,1,12
96b2y1fq,1,12
iuy2mq1n,1,12
zca7zxyf,1,12
jj2wn94h,1,12
68araqh7,1,12
zzpnlqei,1,12
v5p7lv20,1,12
11qpbunz,1,12
yaiqosbx,1,12
xp91b3qj,1,12
9t4dpmrw,1,12
i6lqx8ts,1,12
sqfmjhqp,1,12
5kkr5060,1,12
g7uoijja,1,13
8g2iaxf0,1,13
1yemb6kz,1,13
x6cv314a,1,13
26ovv9nz,1,13
qrj0woux,1,13
edydbr11,1,13
i3ugntg2,1,13
nil7z8nt,1,13
i3wgnab9,1,13
7rmwik5s,1,13
mzj836b0,1,13
1gblxsq7,1,13
t9m6tgki,1,13
4hjk8ew7,1,13
luq8s82b,1,13
96b2y1fq,1,13
iuy2mq1n,1,13
zca7zxyf,1,13
jj2wn94h,1,13
68araqh7,1,13
zzpnlqei,1,13
v5p7lv20,1,13
11qpbunz,1,13
yaiqosbx,1,13
xp91b3qj,1,13
9t4dpmrw,1,13
i6lqx8ts,1,13
sqfmjhqp,1,13
5kkr5060,1,13
g7uoijja,1,14
8g2iaxf0,1,14
1yemb6kz,1,14
x6cv314a,1,14
26ovv9nz,1,14
qrj0woux,1,14
edydbr11,1,14
i3ugntg2,1,14
nil7z8nt,1,14
i3wgnab9,1,14
7rmwik5s,1,14
mzj836b0,1,14
1gblxsq7,1,14
t9m6tgki,1,14
4hjk8ew7,1,14
luq8s82b,1,14
96b2y1fq,1,14
iuy2mq1n,1,14
zca7zxyf,1,14
jj2wn94h,1,14
68araqh7,1,14
zzpnlqei,1,14
v5p7lv20,1,14
11qpbunz,1,14
yaiqosbx,1,14
xp91b3qj,1,14
9t4dpmrw,1,14
i6lqx8ts,1,14
sqfmjhqp,1,14
5kkr5060,1,14
g7uoijja,1,15
8g2iaxf0,1,15
1yemb6kz,1,15
x6cv314a,1,15
26ovv9nz,1,15
qrj0woux,1,15
edydbr11,1,15
i3ugntg2,1,15
nil7z8nt,1,15
i3wgnab9,1,15
7rmwik5s,1,15
mzj836b0,1,15
1gblxsq7,1,15
t9m6tgki,1,15
4hjk8ew7,1,15
luq8s82b,1,15
96b2y1fq,1,15
iuy2mq1n,1,15
zca7zxyf,1,15
jj2wn94h,1,15
68araqh7,1,15
zzpnlqei,1,15
v5p7lv20,1,15
11qpbunz,1,15
yaiqosbx,1,15
xp91b3qj,1,15
9t4dpmrw,1,15
i6lqx8ts,1,15
sqfmjhqp,1,15
5kkr5060,1,15
g7uoijja,1,16
8g2iaxf0,1,16
1yemb6kz,1,16
x6cv314a,1,16
26ovv9nz,1,16
qrj0woux,1,16
edydbr11,1,16
i3ugntg2,1,16
nil7z8nt,1,16
i3wgnab9,1,16
7rmwik5s,1,16
mzj836b0,1,16
1gblxsq7,1,16
t9m6tgki,1,16
4hjk8ew7,1,16
luq8s82b,1,16
96b2y1fq,1,16
iuy2mq1n,1,16
zca7zxyf,1,16
jj2wn94h,1,16
68araqh7,1,16
zzpnlqei,1,16
v5p7lv20,1,16
11qpbunz,1,16
yaiqosbx,1,16
xp91b3qj,1,16
9t4dpmrw,1,16
i6lqx8ts,1,16
sqfmjhqp,1,16
5kkr5060,1,16
g7uoijja,1,17
8g2iaxf0,1,17
1yemb6kz,1,17
x6cv314a,1,17
26ovv9nz,1,17
qrj0woux,1,17
edydbr11,1,17
i3ugntg2,1,17
nil7z8nt,1,17
i3wgnab9,1,17
7rmwik5s,1,17
mzj836b0,1,17
1gblxsq7,1,17
t9m6tgki,1,17
4hjk8ew7,1,17
luq8s82b,1,17
96b2y1fq,1,17
iuy2mq1n,1,17
zca7zxyf,1,17
jj2wn94h,1,17
68araqh7,1,17
zzpnlqei,1,17
v5p7lv20,1,17
11qpbunz,1,17
yaiqosbx,1,17
xp91b3qj,1,17
9t4dpmrw,1,17
i6lqx8ts,1,17
sqfmjhqp,1,17
5kkr5060,1,17
g7uoijja,1,18
8g2iaxf0,1,18
1yemb6kz,1,18
x6cv314a,1,18
26ovv9nz,1,18
qrj0woux,1,18
edydbr11,1,18
i3ugntg2,1,18
nil7z8nt,1,18
i3wgnab9,1,18
7rmwik5s,1,18
mzj836b0,1,18
1gblxsq7,1,18
t9m6tgki,1,18
4hjk8ew7,1,18
luq8s82b,1,18
96b2y1fq,1,18
iuy2mq1n,1,18
zca7zxyf,1,18
jj2wn94h,1,18
68araqh7,1,18
zzpnlqei,1,18
v5p7lv20,1,18
11qpbunz,1,18
yaiqosbx,1,18
xp91b3qj,1,18
9t4dpmrw,1,18
i6lqx8ts,1,18
sqfmjhqp,1,18
5kkr5060,1,18
g7uoijja,1,19
8g2iaxf0,1,19
1yemb6kz,1,19
x6cv314a,1,19
26ovv9nz,1,19
qrj0woux,1,19
edydbr11,1,19
i3ugntg2,1,19
nil7z8nt,1,19
i3wgnab9,1,19
7rmwik5s,1,19
mzj836b0,1,19
1gblxsq7,1,19
t9m6tgki,1,19
4hjk8ew7,1,19
luq8s82b,1,19
96b2y1fq,1,19
iuy2mq1n,1,19
zca7zxyf,1,19
jj2wn94h,1,19
68araqh7,1,19
zzpnlqei,1,19
v5p7lv20,1,19
11qpbunz,1,19
yaiqosbx,1,19
xp91b3qj,1,19
9t4dpmrw,1,19
i6lqx8ts,1,19
sqfmjhqp,1,19
5kkr5060,1,19
g7uoijja,1,20
8g2iaxf0,1,20
1yemb6kz,1,20
x6cv314a,1,20
26ovv9nz,1,20
qrj0woux,1,20
edydbr11,1,20
i3ugntg2,1,20
nil7z8nt,1,20
i3wgnab9,1,20
7rmwik5s,1,20
mzj836b0,1,20
1gblxsq7,1,20
t9m6tgki,1,20
4hjk8ew7,1,20
luq8s82b,1,20
96b2y1fq,1,20
iuy2mq1n,1,20
zca7zxyf,1,20
jj2wn94h,1,20
68araqh7,1,20
zzpnlqei,1,20
v5p7lv20,1,20
11qpbunz,1,20
yaiqosbx,1,20
xp91b3qj,1,20
9t4dpmrw,1,20
i6lqx8ts,1,20
sqfmjhqp,1,20
5kkr5060,1,20
vywegvat,1,1
yl8zd4ee,1,1
wak4ycex,1,1
5zc86wny,1,1
zuqpu1wo,1,1
mvvdc51v,1,1
pr11yrv8,1,1
tzn75yhk,1,1
d39a3neo,1,1
xcoc0hf4,1,1
sqajrww1,1,1
y7ezhr8w,1,1
nn97tpch,1,1
1v3nqxwb,1,1
czeeddwe,1,1
vywegvat,1,2
yl8zd4ee,1,2
wak4ycex,1,2
5zc86wny,1,2
zuqpu1wo,1,2
mvvdc51v,1,2
pr11yrv8,1,2
tzn75yhk,1,2
d39a3neo,1,2
xcoc0hf4,1,2
sqajrww1,1,2
y7ezhr8w,1,2
nn97tpch,1,2
1v3nqxwb,1,2
czeeddwe,1,2
vywegvat,1,3
yl8zd4ee,1,3
wak4ycex,1,3
5zc86wny,1,3
zuqpu1wo,1,3
mvvdc51v,1,3
pr11yrv8,1,3
tzn75yhk,1,3
d39a3neo,1,3
xcoc0hf4,1,3
sqajrww1,1,3
y7ezhr8w,1,3
nn97tpch,1,3
1v3nqxwb,1,3
czeeddwe,1,3
vywegvat,1,4
yl8zd4ee,1,4
wak4ycex,1,4
5zc86wny,1,4
zuqpu1wo,1,4
mvvdc51v,1,4
pr11yrv8,1,4
tzn75yhk,1,4
d39a3neo,1,4
xcoc0hf4,1,4
sqajrww1,1,4
y7ezhr8w,1,4
nn97tpch,1,4
1v3nqxwb,1,4
czeeddwe,1,4
vywegvat,1,5
yl8zd4ee,1,5
wak4ycex,1,5
5zc86wny,1,5
zuqpu1wo,1,5
mvvdc51v,1,5
pr11yrv8,1,5
tzn75yhk,1,5
d39a3neo,1,5
xcoc0hf4,1,5
sqajrww1,1,5
y7ezhr8w,1,5
nn97tpch,1,5
1v3nqxwb,1,5
czeeddwe,1,5
vywegvat,1,6
yl8zd4ee,1,6
wak4ycex,1,6
5zc86wny,1,6
zuqpu1wo,1,6
mvvdc51v,1,6
pr11yrv8,1,6
tzn75yhk,1,6
d39a3neo,1,6
xcoc0hf4,1,6
sqajrww1,1,6
y7ezhr8w,1,6
nn97tpch,1,6
1v3nqxwb,1,6
czeeddwe,1,6
vywegvat,1,7
yl8zd4ee,1,7
wak4ycex,1,7
5zc86wny,1,7
zuqpu1wo,1,7
mvvdc51v,1,7
pr11yrv8,1,7
tzn75yhk,1,7
d39a3neo,1,7
xcoc0hf4,1,7
sqajrww1,1,7
y7ezhr8w,1,7
nn97tpch,1,7
1v3nqxwb,1,7
czeeddwe,1,7
vywegvat,1,8
yl8zd4ee,1,8
wak4ycex,1,8
5zc86wny,1,8
zuqpu1wo,1,8
mvvdc51v,1,8
pr11yrv8,1,8
tzn75yhk,1,8
d39a3neo,1,8
xcoc0hf4,1,8
sqajrww1,1,8
y7ezhr8w,1,8
nn97tpch,1,8
1v3nqxwb,1,8
czeeddwe,1,8
vywegvat,1,9
yl8zd4ee,1,9
wak4ycex,1,9
5zc86wny,1,9
zuqpu1wo,1,9
mvvdc51v,1,9
pr11yrv8,1,9
tzn75yhk,1,9
d39a3neo,1,9
xcoc0hf4,1,9
sqajrww1,1,9
y7ezhr8w,1,9
nn97tpch,1,9
1v3nqxwb,1,9
czeeddwe,1,9
vywegvat,1,10
yl8zd4ee,1,10
wak4ycex,1,10
5zc86wny,1,10
zuqpu1wo,1,10
mvvdc51v,1,10
pr11yrv8,1,10
tzn75yhk,1,10
d39a3neo,1,10
xcoc0hf4,1,10
sqajrww1,1,10
y7ezhr8w,1,10
nn97tpch,1,10
1v3nqxwb,1,10
czeeddwe,1,10
vywegvat,1,11
yl8zd4ee,1,11
wak4ycex,1,11
5zc86wny,1,11
zuqpu1wo,1,11
mvvdc51v,1,11
pr11yrv8,1,11
tzn75yhk,1,11
d39a3neo,1,11
xcoc0hf4,1,11
sqajrww1,1,11
y7ezhr8w,1,11
nn97tpch,1,11
1v3nqxwb,1,11
czeeddwe,1,11
vywegvat,1,12
yl8zd4ee,1,12
wak4ycex,1,12
5zc86wny,1,12
zuqpu1wo,1,12
mvvdc51v,1,12
pr11yrv8,1,12
tzn75yhk,1,12
d39a3neo,1,12
xcoc0hf4,1,12
sqajrww1,1,12
y7ezhr8w,1,12
nn97tpch,1,12
1v3nqxwb,1,12
czeeddwe,1,12
vywegvat,1,13
yl8zd4ee,1,13
wak4ycex,1,13
5zc86wny,1,13
zuqpu1wo,1,13
mvvdc51v,1,13
pr11yrv8,1,13
tzn75yhk,1,13
d39a3neo,1,13
xcoc0hf4,1,13
sqajrww1,1,13
y7ezhr8w,1,13
nn97tpch,1,13
1v3nqxwb,1,13
czeeddwe,1,13
vywegvat,1,14
yl8zd4ee,1,14
wak4ycex,1,14
5zc86wny,1,14
zuqpu1wo,1,14
mvvdc51v,1,14
pr11yrv8,1,14
tzn75yhk,1,14
d39a3neo,1,14
xcoc0hf4,1,14
sqajrww1,1,14
y7ezhr8w,1,14
nn97tpch,1,14
1v3nqxwb,1,14
czeeddwe,1,14
vywegvat,1,15
yl8zd4ee,1,15
wak4ycex,1,15
5zc86wny,1,15
zuqpu1wo,1,15
mvvdc51v,1,15
pr11yrv8,1,15
tzn75yhk,1,15
d39a3neo,1,15
xcoc0hf4,1,15
sqajrww1,1,15
y7ezhr8w,1,15
nn97tpch,1,15
1v3nqxwb,1,15
czeeddwe,1,15
vywegvat,1,16
yl8zd4ee,1,16
wak4ycex,1,16
5zc86wny,1,16
zuqpu1wo,1,16
mvvdc51v,1,16
pr11yrv8,1,16
tzn75yhk,1,16
d39a3neo,1,16
xcoc0hf4,1,16
sqajrww1,1,16
y7ezhr8w,1,16
nn97tpch,1,16
1v3nqxwb,1,16
czeeddwe,1,16
vywegvat,1,17
yl8zd4ee,1,17
wak4ycex,1,17
5zc86wny,1,17
zuqpu1wo,1,17
mvvdc51v,1,17
pr11yrv8,1,17
tzn75yhk,1,17
d39a3neo,1,17
xcoc0hf4,1,17
sqajrww1,1,17
y7ezhr8w,1,17
nn97tpch,1,17
1v3nqxwb,1,17
czeeddwe,1,17
vywegvat,1,18
yl8zd4ee,1,18
wak4ycex,1,18
5zc86wny,1,18
zuqpu1wo,1,18
mvvdc51v,1,18
pr11yrv8,1,18
tzn75yhk,1,18
d39a3neo,1,18
xcoc0hf4,1,18
sqajrww1,1,18
y7ezhr8w,1,18
nn97tpch,1,18
1v3nqxwb,1,18
czeeddwe,1,18
vywegvat,1,19
yl8zd4ee,1,19
wak4ycex,1,19
5zc86wny,1,19
zuqpu1wo,1,19
mvvdc51v,1,19
pr11yrv8,1,19
tzn75yhk,1,19
d39a3neo,1,19
xcoc0hf4,1,19
sqajrww1,1,19
y7ezhr8w,1,19
nn97tpch,1,19
1v3nqxwb,1,19
czeeddwe,1,19
vywegvat,1,20
yl8zd4ee,1,20
wak4ycex,1,20
5zc86wny,1,20
zuqpu1wo,1,20
mvvdc51v,1,20
pr11yrv8,1,20
tzn75yhk,1,20
d39a3neo,1,20
xcoc0hf4,1,20
sqajrww1,1,20
y7ezhr8w,1,20
nn97tpch,1,20
1v3nqxwb,1,20
czeeddwe,1,20
7dv78fh8,1,1
dz4i0852,1,1
ds12f176,1,1
7u0jmbd5,1,1
otvnb5te,1,1
apblb506,1,1
9pofl3q7,1,1
9iua8wlt,1,1
4uuf90e3,1,1
v74p7xt0,1,1
mykpue2n,1,1
6e0ikkw9,1,1
hksrzrsd,1,1
e4uy9bw2,1,1
ufku1mka,1,1
7dv78fh8,1,2
dz4i0852,1,2
ds12f176,1,2
7u0jmbd5,1,2
otvnb5te,1,2
apblb506,1,2
9pofl3q7,1,2
9iua8wlt,1,2
4uuf90e3,1,2
v74p7xt0,1,2
mykpue2n,1,2
6e0ikkw9,1,2
hksrzrsd,1,2
e4uy9bw2,1,2
ufku1mka,1,2
7dv78fh8,1,3
dz4i0852,1,3
ds12f176,1,3
7u0jmbd5,1,3
otvnb5te,1,3
apblb506,1,3
9pofl3q7,1,3
9iua8wlt,1,3
4uuf90e3,1,3
v74p7xt0,1,3
mykpue2n,1,3
6e0ikkw9,1,3
hksrzrsd,1,3
e4uy9bw2,1,3
ufku1mka,1,3
7dv78fh8,1,4
dz4i0852,1,4
ds12f176,1,4
7u0jmbd5,1,4
otvnb5te,1,4
apblb506,1,4
9pofl3q7,1,4
9iua8wlt,1,4
4uuf90e3,1,4
v74p7xt0,1,4
mykpue2n,1,4
6e0ikkw9,1,4
hksrzrsd,1,4
e4uy9bw2,1,4
ufku1mka,1,4
7dv78fh8,1,5
dz4i0852,1,5
ds12f176,1,5
7u0jmbd5,1,5
otvnb5te,1,5
apblb506,1,5
9pofl3q7,1,5
9iua8wlt,1,5
4uuf90e3,1,5
v74p7xt0,1,5
mykpue2n,1,5
6e0ikkw9,1,5
hksrzrsd,1,5
e4uy9bw2,1,5
ufku1mka,1,5
7dv78fh8,1,6
dz4i0852,1,6
ds12f176,1,6
7u0jmbd5,1,6
otvnb5te,1,6
apblb506,1,6
9pofl3q7,1,6
9iua8wlt,1,6
4uuf90e3,1,6
v74p7xt0,1,6
mykpue2n,1,6
6e0ikkw9,1,6
hksrzrsd,1,6
e4uy9bw2,1,6
ufku1mka,1,6
7dv78fh8,1,7
dz4i0852,1,7
ds12f176,1,7
7u0jmbd5,1,7
otvnb5te,1,7
apblb506,1,7
9pofl3q7,1,7
9iua8wlt,1,7
4uuf90e3,1,7
v74p7xt0,1,7
mykpue2n,1,7
6e0ikkw9,1,7
hksrzrsd,1,7
e4uy9bw2,1,7
ufku1mka,1,7
7dv78fh8,1,8
dz4i0852,1,8
ds12f176,1,8
7u0jmbd5,1,8
otvnb5te,1,8
apblb506,1,8
9pofl3q7,1,8
9iua8wlt,1,8
4uuf90e3,1,8
v74p7xt0,1,8
mykpue2n,1,8
6e0ikkw9,1,8
hksrzrsd,1,8
e4uy9bw2,1,8
ufku1mka,1,8
7dv78fh8,1,9
dz4i0852,1,9
ds12f176,1,9
7u0jmbd5,1,9
otvnb5te,1,9
apblb506,1,9
9pofl3q7,1,9
9iua8wlt,1,9
4uuf90e3,1,9
v74p7xt0,1,9
mykpue2n,1,9
6e0ikkw9,1,9
hksrzrsd,1,9
e4uy9bw2,1,9
ufku1mka,1,9
7dv78fh8,1,10
dz4i0852,1,10
ds12f176,1,10
7u0jmbd5,1,10
otvnb5te,1,10
apblb506,1,10
9pofl3q7,1,10
9iua8wlt,1,10
4uuf90e3,1,10
v74p7xt0,1,10
mykpue2n,1,10
6e0ikkw9,1,10
hksrzrsd,1,10
e4uy9bw2,1,10
ufku1mka,1,10
7dv78fh8,1,11
dz4i0852,1,11
ds12f176,1,11
7u0jmbd5,1,11
otvnb5te,1,11
apblb506,1,11
9pofl3q7,1,11
9iua8wlt,1,11
4uuf90e3,1,11
v74p7xt0,1,11
mykpue2n,1,11
6e0ikkw9,1,11
hksrzrsd,1,11
e4uy9bw2,1,11
ufku1mka,1,11
7dv78fh8,1,12
dz4i0852,1,12
ds12f176,1,12
7u0jmbd5,1,12
otvnb5te,1,12
apblb506,1,12
9pofl3q7,1,12
9iua8wlt,1,12
4uuf90e3,1,12
v74p7xt0,1,12
mykpue2n,1,12
6e0ikkw9,1,12
hksrzrsd,1,12
e4uy9bw2,1,12
ufku1mka,1,12
7dv78fh8,1,13
dz4i0852,1,13
ds12f176,1,13
7u0jmbd5,1,13
otvnb5te,1,13
apblb506,1,13
9pofl3q7,1,13
9iua8wlt,1,13
4uuf90e3,1,13
v74p7xt0,1,13
mykpue2n,1,13
6e0ikkw9,1,13
hksrzrsd,1,13
e4uy9bw2,1,13
ufku1mka,1,13
7dv78fh8,1,14
dz4i0852,1,14
ds12f176,1,14
7u0jmbd5,1,14
otvnb5te,1,14
apblb506,1,14
9pofl3q7,1,14
9iua8wlt,1,14
4uuf90e3,1,14
v74p7xt0,1,14
mykpue2n,1,14
6e0ikkw9,1,14
hksrzrsd,1,14
e4uy9bw2,1,14
ufku1mka,1,14
7dv78fh8,1,15
dz4i0852,1,15
ds12f176,1,15
7u0jmbd5,1,15
otvnb5te,1,15
apblb506,1,15
9pofl3q7,1,15
9iua8wlt,1,15
4uuf90e3,1,15
v74p7xt0,1,15
mykpue2n,1,15
6e0ikkw9,1,15
hksrzrsd,1,15
e4uy9bw2,1,15
ufku1mka,1,15
7dv78fh8,1,16
dz4i0852,1,16
ds12f176,1,16
7u0jmbd5,1,16
otvnb5te,1,16
apblb506,1,16
9pofl3q7,1,16
9iua8wlt,1,16
4uuf90e3,1,16
v74p7xt0,1,16
mykpue2n,1,16
6e0ikkw9,1,16
hksrzrsd,1,16
e4uy9bw2,1,16
ufku1mka,1,16
7dv78fh8,1,17
dz4i0852,1,17
ds12f176,1,17
7u0jmbd5,1,17
otvnb5te,1,17
apblb506,1,17
9pofl3q7,1,17
9iua8wlt,1,17
4uuf90e3,1,17
v74p7xt0,1,17
mykpue2n,1,17
6e0ikkw9,1,17
hksrzrsd,1,17
e4uy9bw2,1,17
ufku1mka,1,17
7dv78fh8,1,18
dz4i0852,1,18
ds12f176,1,18
7u0jmbd5,1,18
otvnb5te,1,18
apblb506,1,18
9pofl3q7,1,18
9iua8wlt,1,18
4uuf90e3,1,18
v74p7xt0,1,18
mykpue2n,1,18
6e0ikkw9,1,18
hksrzrsd,1,18
e4uy9bw2,1,18
ufku1mka,1,18
7dv78fh8,1,19
dz4i0852,1,19
ds12f176,1,19
7u0jmbd5,1,19
otvnb5te,1,19
apblb506,1,19
9pofl3q7,1,19
9iua8wlt,1,19
4uuf90e3,1,19
v74p7xt0,1,19
mykpue2n,1,19
6e0ikkw9,1,19
hksrzrsd,1,19
e4uy9bw2,1,19
ufku1mka,1,19
7dv78fh8,1,20
dz4i0852,1,20
ds12f176,1,20
7u0jmbd5,1,20
otvnb5te,1,20
apblb506,1,20
9pofl3q7,1,20
9iua8wlt,1,20
4uuf90e3,1,20
v74p7xt0,1,20
mykpue2n,1,20
6e0ikkw9,1,20
hksrzrsd,1,20
e4uy9bw2,1,20
ufku1mka,1,20
ttjy4cwz,2,1
idr031u6,2,1
s1ftoyto,2,1
519slsew,2,1
8tid5gfd,2,1
keqepf0m,2,1
387fhffi,2,1
scbb77jn,2,1
9t5yap6j,2,1
g91ye1x3,2,1
fkw475f4,2,1
t7uhl32a,2,1
1gpsk1od,2,1
6l4hmpzv,2,1
4c16txm9,2,1
4de7ayta,2,1
o7pqerl1,2,1
7voc4ywi,2,1
4qo41x6y,2,1
g004gng8,2,1
ttjy4cwz,2,2
idr031u6,2,2
s1ftoyto,2,2
519slsew,2,2
8tid5gfd,2,2
keqepf0m,2,2
387fhffi,2,2
scbb77jn,2,2
9t5yap6j,2,2
g91ye1x3,2,2
fkw475f4,2,2
t7uhl32a,2,2
1gpsk1od,2,2
6l4hmpzv,2,2
4c16txm9,2,2
4de7ayta,2,2
o7pqerl1,2,2
7voc4ywi,2,2
4qo41x6y,2,2
g004gng8,2,2
ttjy4cwz,2,3
idr031u6,2,3
s1ftoyto,2,3
519slsew,2,3
8tid5gfd,2,3
keqepf0m,2,3
387fhffi,2,3
scbb77jn,2,3
9t5yap6j,2,3
g91ye1x3,2,3
fkw475f4,2,3
t7uhl32a,2,3
1gpsk1od,2,3
6l4hmpzv,2,3
4c16txm9,2,3
4de7ayta,2,3
o7pqerl1,2,3
7voc4ywi,2,3
4qo41x6y,2,3
g004gng8,2,3
ttjy4cwz,2,4
idr031u6,2,4
s1ftoyto,2,4
519slsew,2,4
8tid5gfd,2,4
keqepf0m,2,4
387fhffi,2,4
scbb77jn,2,4
9t5yap6j,2,4
g91ye1x3,2,4
fkw475f4,2,4
t7uhl32a,2,4
1gpsk1od,2,4
6l4hmpzv,2,4
4c16txm9,2,4
4de7ayta,2,4
o7pqerl1,2,4
7voc4ywi,2,4
4qo41x6y,2,4
g004gng8,2,4
ttjy4cwz,2,5
idr031u6,2,5
s1ftoyto,2,5
519slsew,2,5
8tid5gfd,2,5
keqepf0m,2,5
387fhffi,2,5
scbb77jn,2,5
9t5yap6j,2,5
g91ye1x3,2,5
fkw475f4,2,5
t7uhl32a,2,5
1gpsk1od,2,5
6l4hmpzv,2,5
4c16txm9,2,5
4de7ayta,2,5
o7pqerl1,2,5
7voc4ywi,2,5
4qo41x6y,2,5
g004gng8,2,5
ttjy4cwz,2,6
idr031u6,2,6
s1ftoyto,2,6
519slsew,2,6
8tid5gfd,2,6
keqepf0m,2,6
387fhffi,2,6
scbb77jn,2,6
9t5yap6j,2,6
g91ye1x3,2,6
fkw475f4,2,6
t7uhl32a,2,6
1gpsk1od,2,6
6l4hmpzv,2,6
4c16txm9,2,6
4de7ayta,2,6
o7pqerl1,2,6
7voc4ywi,2,6
4qo41x6y,2,6
g004gng8,2,6
ttjy4cwz,2,7
idr031u6,2,7
s1ftoyto,2,7
519slsew,2,7
8tid5gfd,2,7
keqepf0m,2,7
387fhffi,2,7
scbb77jn,2,7
9t5yap6j,2,7
g91ye1x3,2,7
fkw475f4,2,7
t7uhl32a,2,7
1gpsk1od,2,7
6l4hmpzv,2,7
4c16txm9,2,7
4de7ayta,2,7
o7pqerl1,2,7
7voc4ywi,2,7
4qo41x6y,2,7
g004gng8,2,7
ttjy4cwz,2,8
idr031u6,2,8
s1ftoyto,2,8
519slsew,2,8
8tid5gfd,2,8
keqepf0m,2,8
387fhffi,2,8
scbb77jn,2,8
9t5yap6j,2,8
g91ye1x3,2,8
fkw475f4,2,8
t7uhl32a,2,8
1gpsk1od,2,8
6l4hmpzv,2,8
4c16txm9,2,8
4de7ayta,2,8
o7pqerl1,2,8
7voc4ywi,2,8
4qo41x6y,2,8
g004gng8,2,8
ttjy4cwz,2,9
idr031u6,2,9
s1ftoyto,2,9
519slsew,2,9
8tid5gfd,2,9
keqepf0m,2,9
387fhffi,2,9
scbb77jn,2,9
9t5yap6j,2,9
g91ye1x3,2,9
fkw475f4,2,9
t7uhl32a,2,9
1gpsk1od,2,9
6l4hmpzv,2,9
4c16txm9,2,9
4de7ayta,2,9
o7pqerl1,2,9
7voc4ywi,2,9
4qo41x6y,2,9
g004gng8,2,9
ttjy4cwz,2,10
idr031u6,2,10
s1ftoyto,2,10
519slsew,2,10
8tid5gfd,2,10
keqepf0m,2,10
387fhffi,2,10
scbb77jn,2,10
9t5yap6j,2,10
g91ye1x3,2,10
fkw475f4,2,10
t7uhl32a,2,10
1gpsk1od,2,10
6l4hmpzv,2,10
4c16txm9,2,10
4de7ayta,2,10
o7pqerl1,2,10
7voc4ywi,2,10
4qo41x6y,2,10
g004gng8,2,10
ttjy4cwz,2,11
idr031u6,2,11
s1ftoyto,2,11
519slsew,2,11
8tid5gfd,2,11
keqepf0m,2,11
387fhffi,2,11
scbb77jn,2,11
9t5yap6j,2,11
g91ye1x3,2,11
fkw475f4,2,11
t7uhl32a,2,11
1gpsk1od,2,11
6l4hmpzv,2,11
4c16txm9,2,11
4de7ayta,2,11
o7pqerl1,2,11
7voc4ywi,2,11
4qo41x6y,2,11
g004gng8,2,11
ttjy4cwz,2,12
idr031u6,2,12
s1ftoyto,2,12
519slsew,2,12
8tid5gfd,2,12
keqepf0m,2,12
387fhffi,2,12
scbb77jn,2,12
9t5yap6j,2,12
g91ye1x3,2,12
fkw475f4,2,12
t7uhl32a,2,12
1gpsk1od,2,12
6l4hmpzv,2,12
4c16txm9,2,12
4de7ayta,2,12
o7pqerl1,2,12
7voc4ywi,2,12
4qo41x6y,2,12
g004gng8,2,12
ttjy4cwz,2,13
idr031u6,2,13
s1ftoyto,2,13
519slsew,2,13
8tid5gfd,2,13
keqepf0m,2,13
387fhffi,2,13
scbb77jn,2,13
9t5yap6j,2,13
g91ye1x3,2,13
fkw475f4,2,13
t7uhl32a,2,13
1gpsk1od,2,13
6l4hmpzv,2,13
4c16txm9,2,13
4de7ayta,2,13
o7pqerl1,2,13
7voc4ywi,2,13
4qo41x6y,2,13
g004gng8,2,13
ttjy4cwz,2,14
idr031u6,2,14
s1ftoyto,2,14
519slsew,2,14
8tid5gfd,2,14
keqepf0m,2,14
387fhffi,2,14
scbb77jn,2,14
9t5yap6j,2,14
g91ye1x3,2,14
fkw475f4,2,14
t7uhl32a,2,14
1gpsk1od,2,14
6l4hmpzv,2,14
4c16txm9,2,14
4de7ayta,2,14
o7pqerl1,2,14
7voc4ywi,2,14
4qo41x6y,2,14
g004gng8,2,14
ttjy4cwz,2,15
idr031u6,2,15
s1ftoyto,2,15
519slsew,2,15
8tid5gfd,2,15
keqepf0m,2,15
387fhffi,2,15
scbb77jn,2,15
9t5yap6j,2,15
g91ye1x3,2,15
fkw475f4,2,15
t7uhl32a,2,15
1gpsk1od,2,15
6l4hmpzv,2,15
4c16txm9,2,15
4de7ayta,2,15
o7pqerl1,2,15
7voc4ywi,2,15
4qo41x6y,2,15
g004gng8,2,15
ttjy4cwz,2,16
idr031u6,2,16
s1ftoyto,2,16
519slsew,2,16
8tid5gfd,2,16
keqepf0m,2,16
387fhffi,2,16
scbb77jn,2,16
9t5yap6j,2,16
g91ye1x3,2,16
fkw475f4,2,16
t7uhl32a,2,16
1gpsk1od,2,16
6l4hmpzv,2,16
4c16txm9,2,16
4de7ayta,2,16
o7pqerl1,2,16
7voc4ywi,2,16
4qo41x6y,2,16
g004gng8,2,16
ttjy4cwz,2,17
idr031u6,2,17
s1ftoyto,2,17
519slsew,2,17
8tid5gfd,2,17
keqepf0m,2,17
387fhffi,2,17
scbb77jn,2,17
9t5yap6j,2,17
g91ye1x3,2,17
fkw475f4,2,17
t7uhl32a,2,17
1gpsk1od,2,17
6l4hmpzv,2,17
4c16txm9,2,17
4de7ayta,2,17
o7pqerl1,2,17
7voc4ywi,2,17
4qo41x6y,2,17
g004gng8,2,17
ttjy4cwz,2,18
idr031u6,2,18
s1ftoyto,2,18
519slsew,2,18
8tid5gfd,2,18
keqepf0m,2,18
387fhffi,2,18
scbb77jn,2,18
9t5yap6j,2,18
g91ye1x3,2,18
fkw475f4,2,18
t7uhl32a,2,18
1gpsk1od,2,18
6l4hmpzv,2,18
4c16txm9,2,18
4de7ayta,2,18
o7pqerl1,2,18
7voc4ywi,2,18
4qo41x6y,2,18
g004gng8,2,18
ttjy4cwz,2,19
idr031u6,2,19
s1ftoyto,2,19
519slsew,2,19
8tid5gfd,2,19
keqepf0m,2,19
387fhffi,2,19
scbb77jn,2,19
9t5yap6j,2,19
g91ye1x3,2,19
fkw475f4,2,19
t7uhl32a,2,19
1gpsk1od,2,19
6l4hmpzv,2,19
4c16txm9,2,19
4de7ayta,2,19
o7pqerl1,2,19
7voc4ywi,2,19
4qo41x6y,2,19
g004gng8,2,19
ttjy4cwz,2,20
idr031u6,2,20
s1ftoyto,2,20
519slsew,2,20
8tid5gfd,2,20
keqepf0m,2,20
387fhffi,2,20
scbb77jn,2,20
9t5yap6j,2,20
g91ye1x3,2,20
fkw475f4,2,20
t7uhl32a,2,20
1gpsk1od,2,20
6l4hmpzv,2,20
4c16txm9,2,20
4de7ayta,2,20
o7pqerl1,2,20
7voc4ywi,2,20
4qo41x6y,2,20
g004gng8,2,20
mdt16lqz,2,1
przvq4kq,2,1
c1h7bw1a,2,1
51cbn7o1,2,1
h3fu78yg,2,1
gn1bxo37,2,1
qdpt3asx,2,1
lrqw3xla,2,1
4alcifnr,2,1
itjzqni7,2,1
zm1faos5,2,1
u1m4seev,2,1
48l4ehb6,2,1
dqtauj4v,2,1
8uqq7nj7,2,1
l50to787,2,1
1pxzy631,2,1
fxz8rqvu,2,1
drsd3gfr,2,1
0nu0s221,2,1
mdt16lqz,2,2
przvq4kq,2,2
c1h7bw1a,2,2
51cbn7o1,2,2
h3fu78yg,2,2
gn1bxo37,2,2
qdpt3asx,2,2
lrqw3xla,2,2
4alcifnr,2,2
itjzqni7,2,2
zm1faos5,2,2
u1m4seev,2,2
48l4ehb6,2,2
dqtauj4v,2,2
8uqq7nj7,2,2
l50to787,2,2
1pxzy631,2,2
fxz8rqvu,2,2
drsd3gfr,2,2
0nu0s221,2,2
mdt16lqz,2,3
przvq4kq,2,3
c1h7bw1a,2,3
51cbn7o1,2,3
h3fu78yg,2,3
gn1bxo37,2,3
qdpt3asx,2,3
lrqw3xla,2,3
4alcifnr,2,3
itjzqni7,2,3
zm1faos5,2,3
u1m4seev,2,3
48l4ehb6,2,3
dqtauj4v,2,3
8uqq7nj7,2,3
l50to787,2,3
1pxzy631,2,3
fxz8rqvu,2,3
drsd3gfr,2,3
0nu0s221,2,3
mdt16lqz,2,4
przvq4kq,2,4
c1h7bw1a,2,4
51cbn7o1,2,4
h3fu78yg,2,4
gn1bxo37,2,4
qdpt3asx,2,4
lrqw3xla,2,4
4alcifnr,2,4
itjzqni7,2,4
zm1faos5,2,4
u1m4seev,2,4
48l4ehb6,2,4
dqtauj4v,2,4
8uqq7nj7,2,4
l50to787,2,4
1pxzy631,2,4
fxz8rqvu,2,4
drsd3gfr,2,4
0nu0s221,2,4
mdt16lqz,2,5
przvq4kq,2,5
c1h7bw1a,2,5
51cbn7o1,2,5
h3fu78yg,2,5
gn1bxo37,2,5
qdpt3asx,2,5
lrqw3xla,2,5
4alcifnr,2,5
itjzqni7,2,5
zm1faos5,2,5
u1m4seev,2,5
48l4ehb6,2,5
dqtauj4v,2,5
8uqq7nj7,2,5
l50to787,2,5
1pxzy631,2,5
fxz8rqvu,2,5
drsd3gfr,2,5
0nu0s221,2,5
mdt16lqz,2,6
przvq4kq,2,6
c1h7bw1a,2,6
51cbn7o1,2,6
h3fu78yg,2,6
gn1bxo37,2,6
qdpt3asx,2,6
lrqw3xla,2,6
4alcifnr,2,6
itjzqni7,2,6
zm1faos5,2,6
u1m4seev,2,6
48l4ehb6,2,6
dqtauj4v,2,6
8uqq7nj7,2,6
l50to787,2,6
1pxzy631,2,6
fxz8rqvu,2,6
drsd3gfr,2,6
0nu0s221,2,6
mdt16lqz,2,7
przvq4kq,2,7
c1h7bw1a,2,7
51cbn7o1,2,7
h3fu78yg,2,7
gn1bxo37,2,7
qdpt3asx,2,7
lrqw3xla,2,7
4alcifnr,2,7
itjzqni7,2,7
zm1faos5,2,7
u1m4seev,2,7
48l4ehb6,2,7
dqtauj4v,2,7
8uqq7nj7,2,7
l50to787,2,7
1pxzy631,2,7
fxz8rqvu,2,7
drsd3gfr,2,7
0nu0s221,2,7
mdt16lqz,2,8
przvq4kq,2,8
c1h7bw1a,2,8
51cbn7o1,2,8
h3fu78yg,2,8
gn1bxo37,2,8
qdpt3asx,2,8
lrqw3xla,2,8
4alcifnr,2,8
itjzqni7,2,8
zm1faos5,2,8
u1m4seev,2,8
48l4ehb6,2,8
dqtauj4v,2,8
8uqq7nj7,2,8
l50to787,2,8
1pxzy631,2,8
fxz8rqvu,2,8
drsd3gfr,2,8
0nu0s221,2,8
mdt16lqz,2,9
przvq4kq,2,9
c1h7bw1a,2,9
51cbn7o1,2,9
h3fu78yg,2,9
gn1bxo37,2,9
qdpt3asx,2,9
lrqw3xla,2,9
4alcifnr,2,9
itjzqni7,2,9
zm1faos5,2,9
u1m4seev,2,9
48l4ehb6,2,9
dqtauj4v,2,9
8uqq7nj7,2,9
l50to787,2,9
1pxzy631,2,9
fxz8rqvu,2,9
drsd3gfr,2,9
0nu0s221,2,9
mdt16lqz,2,10
przvq4kq,2,10
c1h7bw1a,2,10
51cbn7o1,2,10
h3fu78yg,2,10
gn1bxo37,2,10
qdpt3asx,2,10
lrqw3xla,2,10
4alcifnr,2,10
itjzqni7,2,10
zm1faos5,2,10
u1m4seev,2,10
48l4ehb6,2,10
dqtauj4v,2,10
8uqq7nj7,2,10
l50to787,2,10
1pxzy631,2,10
fxz8rqvu,2,10
drsd3gfr,2,10
0nu0s221,2,10
mdt16lqz,2,11
przvq4kq,2,11
c1h7bw1a,2,11
51cbn7o1,2,11
h3fu78yg,2,11
gn1bxo37,2,11
qdpt3asx,2,11
lrqw3xla,2,11
4alcifnr,2,11
itjzqni7,2,11
zm1faos5,2,11
u1m4seev,2,11
48l4ehb6,2,11
dqtauj4v,2,11
8uqq7nj7,2,11
l50to787,2,11
1pxzy631,2,11
fxz8rqvu,2,11
drsd3gfr,2,11
0nu0s221,2,11
mdt16lqz,2,12
przvq4kq,2,12
c1h7bw1a,2,12
51cbn7o1,2,12
h3fu78yg,2,12
gn1bxo37,2,12
qdpt3asx,2,12
lrqw3xla,2,12
4alcifnr,2,12
itjzqni7,2,12
zm1faos5,2,12
u1m4seev,2,12
48l4ehb6,2,12
dqtauj4v,2,12
8uqq7nj7,2,12
l50to787,2,12
1pxzy631,2,12
fxz8rqvu,2,12
drsd3gfr,2,12
0nu0s221,2,12
mdt16lqz,2,13
przvq4kq,2,13
c1h7bw1a,2,13
51cbn7o1,2,13
h3fu78yg,2,13
gn1bxo37,2,13
qdpt3asx,2,13
lrqw3xla,2,13
4alcifnr,2,13
itjzqni7,2,13
zm1faos5,2,13
u1m4seev,2,13
48l4ehb6,2,13
dqtauj4v,2,13
8uqq7nj7,2,13
l50to787,2,13
1pxzy631,2,13
fxz8rqvu,2,13
drsd3gfr,2,13
0nu0s221,2,13
mdt16lqz,2,14
przvq4kq,2,14
c1h7bw1a,2,14
51cbn7o1,2,14
h3fu78yg,2,14
gn1bxo37,2,14
qdpt3asx,2,14
lrqw3xla,2,14
4alcifnr,2,14
itjzqni7,2,14
zm1faos5,2,14
u1m4seev,2,14
48l4ehb6,2,14
dqtauj4v,2,14
8uqq7nj7,2,14
l50to787,2,14
1pxzy631,2,14
fxz8rqvu,2,14
drsd3gfr,2,14
0nu0s221,2,14
mdt16lqz,2,15
przvq4kq,2,15
c1h7bw1a,2,15
51cbn7o1,2,15
h3fu78yg,2,15
gn1bxo37,2,15
qdpt3asx,2,15
lrqw3xla,2,15
4alcifnr,2,15
itjzqni7,2,15
zm1faos5,2,15
u1m4seev,2,15
48l4ehb6,2,15
dqtauj4v,2,15
8uqq7nj7,2,15
l50to787,2,15
1pxzy631,2,15
fxz8rqvu,2,15
drsd3gfr,2,15
0nu0s221,2,15
mdt16lqz,2,16
przvq4kq,2,16
c1h7bw1a,2,16
51cbn7o1,2,16
h3fu78yg,2,16
gn1bxo37,2,16
qdpt3asx,2,16
lrqw3xla,2,16
4alcifnr,2,16
itjzqni7,2,16
zm1faos5,2,16
u1m4seev,2,16
48l4ehb6,2,16
dqtauj4v,2,16
8uqq7nj7,2,16
l50to787,2,16
1pxzy631,2,16
fxz8rqvu,2,16
drsd3gfr,2,16
0nu0s221,2,16
mdt16lqz,2,17
przvq4kq,2,17
c1h7bw1a,2,17
51cbn7o1,2,17
h3fu78yg,2,17
gn1bxo37,2,17
qdpt3asx,2,17
lrqw3xla,2,17
4alcifnr,2,17
itjzqni7,2,17
zm1faos5,2,17
u1m4seev,2,17
48l4ehb6,2,17
dqtauj4v,2,17
8uqq7nj7,2,17
l50to787,2,17
1pxzy631,2,17
fxz8rqvu,2,17
drsd3gfr,2,17
0nu0s221,2,17
mdt16lqz,2,18
przvq4kq,2,18
c1h7bw1a,2,18
51cbn7o1,2,18
h3fu78yg,2,18
gn1bxo37,2,18
qdpt3asx,2,18
lrqw3xla,2,18
4alcifnr,2,18
itjzqni7,2,18
zm1faos5,2,18
u1m4seev,2,18
48l4ehb6,2,18
dqtauj4v,2,18
8uqq7nj7,2,18
l50to787,2,18
1pxzy631,2,18
fxz8rqvu,2,18
drsd3gfr,2,18
0nu0s221,2,18
mdt16lqz,2,19
przvq4kq,2,19
c1h7bw1a,2,19
51cbn7o1,2,19
h3fu78yg,2,19
gn1bxo37,2,19
qdpt3asx,2,19
lrqw3xla,2,19
4alcifnr,2,19
itjzqni7,2,19
zm1faos5,2,19
u1m4seev,2,19
48l4ehb6,2,19
dqtauj4v,2,19
8uqq7nj7,2,19
l50to787,2,19
1pxzy631,2,19
fxz8rqvu,2,19
drsd3gfr,2,19
0nu0s221,2,19
mdt16lqz,2,20
przvq4kq,2,20
c1h7bw1a,2,20
51cbn7o1,2,20
h3fu78yg,2,20
gn1bxo37,2,20
qdpt3asx,2,20
lrqw3xla,2,20
4alcifnr,2,20
itjzqni7,2,20
zm1faos5,2,20
u1m4seev,2,20
48l4ehb6,2,20
dqtauj4v,2,20
8uqq7nj7,2,20
l50to787,2,20
1pxzy631,2,20
fxz8rqvu,2,20
drsd3gfr,2,20
0nu0s221,2,20
njz0vu08,2,1
x6n7t8hs,2,1
xxrcf92l,2,1
kibuds7n,2,1
uabw3inx,2,1
0cpchq58,2,1
ssewy7zs,2,1
kd4ugm89,2,1
dxl7j2a8,2,1
kudii6oy,2,1
j1e40ha7,2,1
6xnpwopr,2,1
0jkf3488,2,1
074xligf,2,1
bi13mblu,2,1
nxc2bm09,2,1
nq2n4d1a,2,1
8nmazok9,2,1
k1bp6zpx,2,1
n580gnmu,2,1
njz0vu08,2,2
x6n7t8hs,2,2
xxrcf92l,2,2
kibuds7n,2,2
uabw3inx,2,2
0cpchq58,2,2
ssewy7zs,2,2
kd4ugm89,2,2
dxl7j2a8,2,2
kudii6oy,2,2
j1e40ha7,2,2
6xnpwopr,2,2
0jkf3488,2,2
074xligf,2,2
bi13mblu,2,2
nxc2bm09,2,2
nq2n4d1a,2,2
8nmazok9,2,2
k1bp6zpx,2,2
n580gnmu,2,2
njz0vu08,2,3
x6n7t8hs,2,3
xxrcf92l,2,3
kibuds7n,2,3
uabw3inx,2,3
0cpchq58,2,3
ssewy7zs,2,3
kd4ugm89,2,3
dxl7j2a8,2,3
kudii6oy,2,3
j1e40ha7,2,3
6xnpwopr,2,3
0jkf3488,2,3
074xligf,2,3
bi13mblu,2,3
nxc2bm09,2,3
nq2n4d1a,2,3
8nmazok9,2,3
k1bp6zpx,2,3
n580gnmu,2,3
njz0vu08,2,4
x6n7t8hs,2,4
xxrcf92l,2,4
kibuds7n,2,4
uabw3inx,2,4
0cpchq58,2,4
ssewy7zs,2,4
kd4ugm89,2,4
dxl7j2a8,2,4
kudii6oy,2,4
j1e40ha7,2,4
6xnpwopr,2,4
0jkf3488,2,4
074xligf,2,4
bi13mblu,2,4
nxc2bm09,2,4
nq2n4d1a,2,4
8nmazok9,2,4
k1bp6zpx,2,4
n580gnmu,2,4
njz0vu08,2,5
x6n7t8hs,2,5
xxrcf92l,2,5
kibuds7n,2,5
uabw3inx,2,5
0cpchq58,2,5
ssewy7zs,2,5
kd4ugm89,2,5
dxl7j2a8,2,5
kudii6oy,2,5
j1e40ha7,2,5
6xnpwopr,2,5
0jkf3488,2,5
074xligf,2,5
bi13mblu,2,5
nxc2bm09,2,5
nq2n4d1a,2,5
8nmazok9,2,5
k1bp6zpx,2,5
n580gnmu,2,5
njz0vu08,2,6
x6n7t8hs,2,6
xxrcf92l,2,6
kibuds7n,2,6
uabw3inx,2,6
0cpchq58,2,6
ssewy7zs,2,6
kd4ugm89,2,6
dxl7j2a8,2,6
kudii6oy,2,6
j1e40ha7,2,6
6xnpwopr,2,6
0jkf3488,2,6
074xligf,2,6
bi13mblu,2,6
nxc2bm09,2,6
nq2n4d1a,2,6
8nmazok9,2,6
k1bp6zpx,2,6
n580gnmu,2,6
njz0vu08,2,7
x6n7t8hs,2,7
xxrcf92l,2,7
kibuds7n,2,7
uabw3inx,2,7
0cpchq58,2,7
ssewy7zs,2,7
kd4ugm89,2,7
dxl7j2a8,2,7
kudii6oy,2,7
j1e40ha7,2,7
6xnpwopr,2,7
0jkf3488,2,7
074xligf,2,7
bi13mblu,2,7
nxc2bm09,2,7
nq2n4d1a,2,7
8nmazok9,2,7
k1bp6zpx,2,7
n580gnmu,2,7
njz0vu08,2,8
x6n7t8hs,2,8
xxrcf92l,2,8
kibuds7n,2,8
uabw3inx,2,8
0cpchq58,2,8
ssewy7zs,2,8
kd4ugm89,2,8
dxl7j2a8,2,8
kudii6oy,2,8
j1e40ha7,2,8
6xnpwopr,2,8
0jkf3488,2,8
074xligf,2,8
bi13mblu,2,8
nxc2bm09,2,8
nq2n4d1a,2,8
8nmazok9,2,8
k1bp6zpx,2,8
n580gnmu,2,8
njz0vu08,2,9
x6n7t8hs,2,9
xxrcf92l,2,9
kibuds7n,2,9
uabw3inx,2,9
0cpchq58,2,9
ssewy7zs,2,9
kd4ugm89,2,9
dxl7j2a8,2,9
kudii6oy,2,9
j1e40ha7,2,9
6xnpwopr,2,9
0jkf3488,2,9
074xligf,2,9
bi13mblu,2,9
nxc2bm09,2,9
nq2n4d1a,2,9
8nmazok9,2,9
k1bp6zpx,2,9
n580gnmu,2,9
njz0vu08,2,10
x6n7t8hs,2,10
xxrcf92l,2,10
kibuds7n,2,10
uabw3inx,2,10
0cpchq58,2,10
ssewy7zs,2,10
kd4ugm89,2,10
dxl7j2a8,2,10
kudii6oy,2,10
j1e40ha7,2,10
6xnpwopr,2,10
0jkf3488,2,10
074xligf,2,10
bi13mblu,2,10
nxc2bm09,2,10
nq2n4d1a,2,10
8nmazok9,2,10
k1bp6zpx,2,10
n580gnmu,2,10
njz0vu08,2,11
x6n7t8hs,2,11
xxrcf92l,2,11
kibuds7n,2,11
uabw3inx,2,11
0cpchq58,2,11
ssewy7zs,2,11
kd4ugm89,2,11
dxl7j2a8,2,11
kudii6oy,2,11
j1e40ha7,2,11
6xnpwopr,2,11
0jkf3488,2,11
074xligf,2,11
bi13mblu,2,11
nxc2bm09,2,11
nq2n4d1a,2,11
8nmazok9,2,11
k1bp6zpx,2,11
n580gnmu,2,11
njz0vu08,2,12
x6n7t8hs,2,12
xxrcf92l,2,12
kibuds7n,2,12
uabw3inx,2,12
0cpchq58,2,12
ssewy7zs,2,12
kd4ugm89,2,12
dxl7j2a8,2,12
kudii6oy,2,12
j1e40ha7,2,12
6xnpwopr,2,12
0jkf3488,2,12
074xligf,2,12
bi13mblu,2,12
nxc2bm09,2,12
nq2n4d1a,2,12
8nmazok9,2,12
k1bp6zpx,2,12
n580gnmu,2,12
njz0vu08,2,13
x6n7t8hs,2,13
xxrcf92l,2,13
kibuds7n,2,13
uabw3inx,2,13
0cpchq58,2,13
ssewy7zs,2,13
kd4ugm89,2,13
dxl7j2a8,2,13
kudii6oy,2,13
j1e40ha7,2,13
6xnpwopr,2,13
0jkf3488,2,13
074xligf,2,13
bi13mblu,2,13
nxc2bm09,2,13
nq2n4d1a,2,13
8nmazok9,2,13
k1bp6zpx,2,13
n580gnmu,2,13
njz0vu08,2,14
x6n7t8hs,2,14
xxrcf92l,2,14
kibuds7n,2,14
uabw3inx,2,14
0cpchq58,2,14
ssewy7zs,2,14
kd4ugm89,2,14
dxl7j2a8,2,14
kudii6oy,2,14
j1e40ha7,2,14
6xnpwopr,2,14
0jkf3488,2,14
074xligf,2,14
bi13mblu,2,14
nxc2bm09,2,14
nq2n4d1a,2,14
8nmazok9,2,14
k1bp6zpx,2,14
n580gnmu,2,14
njz0vu08,2,15
x6n7t8hs,2,15
xxrcf92l,2,15
kibuds7n,2,15
uabw3inx,2,15
0cpchq58,2,15
ssewy7zs,2,15
kd4ugm89,2,15
dxl7j2a8,2,15
kudii6oy,2,15
j1e40ha7,2,15
6xnpwopr,2,15
0jkf3488,2,15
074xligf,2,15
bi13mblu,2,15
nxc2bm09,2,15
nq2n4d1a,2,15
8nmazok9,2,15
k1bp6zpx,2,15
n580gnmu,2,15
njz0vu08,2,16
x6n7t8hs,2,16
xxrcf92l,2,16
kibuds7n,2,16
uabw3inx,2,16
0cpchq58,2,16
ssewy7zs,2,16
kd4ugm89,2,16
dxl7j2a8,2,16
kudii6oy,2,16
j1e40ha7,2,16
6xnpwopr,2,16
0jkf3488,2,16
074xligf,2,16
bi13mblu,2,16
nxc2bm09,2,16
nq2n4d1a,2,16
8nmazok9,2,16
k1bp6zpx,2,16
n580gnmu,2,16
njz0vu08,2,17
x6n7t8hs,2,17
xxrcf92l,2,17
kibuds7n,2,17
uabw3inx,2,17
0cpchq58,2,17
ssewy7zs,2,17
kd4ugm89,2,17
dxl7j2a8,2,17
kudii6oy,2,17
j1e40ha7,2,17
6xnpwopr,2,17
0jkf3488,2,17
074xligf,2,17
bi13mblu,2,17
nxc2bm09,2,17
nq2n4d1a,2,17
8nmazok9,2,17
k1bp6zpx,2,17
n580gnmu,2,17
njz0vu08,2,18
x6n7t8hs,2,18
xxrcf92l,2,18
kibuds7n,2,18
uabw3inx,2,18
0cpchq58,2,18
ssewy7zs,2,18
kd4ugm89,2,18
dxl7j2a8,2,18
kudii6oy,2,18
j1e40ha7,2,18
6xnpwopr,2,18
0jkf3488,2,18
074xligf,2,18
bi13mblu,2,18
nxc2bm09,2,18
nq2n4d1a,2,18
8nmazok9,2,18
k1bp6zpx,2,18
n580gnmu,2,18
njz0vu08,2,19
x6n7t8hs,2,19
xxrcf92l,2,19
kibuds7n,2,19
uabw3inx,2,19
0cpchq58,2,19
ssewy7zs,2,19
kd4ugm89,2,19
dxl7j2a8,2,19
kudii6oy,2,19
j1e40ha7,2,19
6xnpwopr,2,19
0jkf3488,2,19
074xligf,2,19
bi13mblu,2,19
nxc2bm09,2,19
nq2n4d1a,2,19
8nmazok9,2,19
k1bp6zpx,2,19
n580gnmu,2,19
njz0vu08,2,20
x6n7t8hs,2,20
xxrcf92l,2,20
kibuds7n,2,20
uabw3inx,2,20
0cpchq58,2,20
ssewy7zs,2,20
kd4ugm89,2,20
dxl7j2a8,2,20
kudii6oy,2,20
j1e40ha7,2,20
6xnpwopr,2,20
0jkf3488,2,20
074xligf,2,20
bi13mblu,2,20
nxc2bm09,2,20
nq2n4d1a,2,20
8nmazok9,2,20
k1bp6zpx,2,20
n580gnmu,2,20
0j3nkqts,3,1
lcruc2lq,3,1
11e94pe7,3,1
ubop1qmx,3,1
z2rsp6um,3,1
c3206739,3,1
g990zma5,3,1
p7c86bd0,3,1
jwexfmub,3,1
pdtmhm69,3,1
8b7ikkdg,3,1
wc6s9dsl,3,1
0005b37f,3,1
8s1edw15,3,1
i6gy2wgj,3,1
bptmjh3d,3,1
lgomy8eq,3,1
t5fns0sq,3,1
0ff2742h,3,1
1csmmf08,3,1
0j3nkqts,3,2
lcruc2lq,3,2
11e94pe7,3,2
ubop1qmx,3,2
z2rsp6um,3,2
c3206739,3,2
g990zma5,3,2
p7c86bd0,3,2
jwexfmub,3,2
pdtmhm69,3,2
8b7ikkdg,3,2
wc6s9dsl,3,2
0005b37f,3,2
8s1edw15,3,2
i6gy2wgj,3,2
bptmjh3d,3,2
lgomy8eq,3,2
t5fns0sq,3,2
0ff2742h,3,2
1csmmf08,3,2
0j3nkqts,3,3
lcruc2lq,3,3
11e94pe7,3,3
ubop1qmx,3,3
z2rsp6um,3,3
c3206739,3,3
g990zma5,3,3
p7c86bd0,3,3
jwexfmub,3,3
pdtmhm69,3,3
8b7ikkdg,3,3
wc6s9dsl,3,3
0005b37f,3,3
8s1edw15,3,3
i6gy2wgj,3,3
bptmjh3d,3,3
lgomy8eq,3,3
t5fns0sq,3,3
0ff2742h,3,3
1csmmf08,3,3
0j3nkqts,3,4
lcruc2lq,3,4
11e94pe7,3,4
ubop1qmx,3,4
z2rsp6um,3,4
c3206739,3,4
g990zma5,3,4
p7c86bd0,3,4
jwexfmub,3,4
pdtmhm69,3,4
8b7ikkdg,3,4
wc6s9dsl,3,4
0005b37f,3,4
8s1edw15,3,4
i6gy2wgj,3,4
bptmjh3d,3,4
lgomy8eq,3,4
t5fns0sq,3,4
0ff2742h,3,4
1csmmf08,3,4
0j3nkqts,3,5
lcruc2lq,3,5
11e94pe7,3,5
ubop1qmx,3,5
z2rsp6um,3,5
c3206739,3,5
g990zma5,3,5
p7c86bd0,3,5
jwexfmub,3,5
pdtmhm69,3,5
8b7ikkdg,3,5
wc6s9dsl,3,5
0005b37f,3,5
8s1edw15,3,5
i6gy2wgj,3,5
bptmjh3d,3,5
lgomy8eq,3,5
t5fns0sq,3,5
0ff2742h,3,5
1csmmf08,3,5
0j3nkqts,3,6
lcruc2lq,3,6
11e94pe7,3,6
ubop1qmx,3,6
z2rsp6um,3,6
c3206739,3,6
g990zma5,3,6
p7c86bd0,3,6
jwexfmub,3,6
pdtmhm69,3,6
8b7ikkdg,3,6
wc6s9dsl,3,6
0005b37f,3,6
8s1edw15,3,6
i6gy2wgj,3,6
bptmjh3d,3,6
lgomy8eq,3,6
t5fns0sq,3,6
0ff2742h,3,6
1csmmf08,3,6
0j3nkqts,3,7
lcruc2lq,3,7
11e94pe7,3,7
ubop1qmx,3,7
z2rsp6um,3,7
c3206739,3,7
g990zma5,3,7
p7c86bd0,3,7
jwexfmub,3,7
pdtmhm69,3,7
8b7ikkdg,3,7
wc6s9dsl,3,7
0005b37f,3,7
8s1edw15,3,7
i6gy2wgj,3,7
bptmjh3d,3,7
lgomy8eq,3,7
t5fns0sq,3,7
0ff2742h,3,7
1csmmf08,3,7
0j3nkqts,3,8
lcruc2lq,3,8
11e94pe7,3,8
ubop1qmx,3,8
z2rsp6um,3,8
c3206739,3,8
g990zma5,3,8
p7c86bd0,3,8
jwexfmub,3,8
pdtmhm69,3,8
8b7ikkdg,3,8
wc6s9dsl,3,8
0005b37f,3,8
8s1edw15,3,8
i6gy2wgj,3,8
bptmjh3d,3,8
lgomy8eq,3,8
t5fns0sq,3,8
0ff2742h,3,8
1csmmf08,3,8
0j3nkqts,3,9
lcruc2lq,3,9
11e94pe7,3,9
ubop1qmx,3,9
z2rsp6um,3,9
c3206739,3,9
g990zma5,3,9
p7c86bd0,3,9
jwexfmub,3,9
pdtmhm69,3,9
8b7ikkdg,3,9
wc6s9dsl,3,9
0005b37f,3,9
8s1edw15,3,9
i6gy2wgj,3,9
bptmjh3d,3,9
lgomy8eq,3,9
t5fns0sq,3,9
0ff2742h,3,9
1csmmf08,3,9
0j3nkqts,3,10
lcruc2lq,3,10
11e94pe7,3,10
ubop1qmx,3,10
z2rsp6um,3,10
c3206739,3,10
g990zma5,3,10
p7c86bd0,3,10
jwexfmub,3,10
pdtmhm69,3,10
8b7ikkdg,3,10
wc6s9dsl,3,10
0005b37f,3,10
8s1edw15,3,10
i6gy2wgj,3,10
bptmjh3d,3,10
lgomy8eq,3,10
t5fns0sq,3,10
0ff2742h,3,10
1csmmf08,3,10
0j3nkqts,3,11
lcruc2lq,3,11
11e94pe7,3,11
ubop1qmx,3,11
z2rsp6um,3,11
c3206739,3,11
g990zma5,3,11
p7c86bd0,3,11
jwexfmub,3,11
pdtmhm69,3,11
8b7ikkdg,3,11
wc6s9dsl,3,11
0005b37f,3,11
8s1edw15,3,11
i6gy2wgj,3,11
bptmjh3d,3,11
lgomy8eq,3,11
t5fns0sq,3,11
0ff2742h,3,11
1csmmf08,3,11
0j3nkqts,3,12
lcruc2lq,3,12
11e94pe7,3,12
ubop1qmx,3,12
z2rsp6um,3,12
c3206739,3,12
g990zma5,3,12
p7c86bd0,3,12
jwexfmub,3,12
pdtmhm69,3,12
8b7ikkdg,3,12
wc6s9dsl,3,12
0005b37f,3,12
8s1edw15,3,12
i6gy2wgj,3,12
bptmjh3d,3,12
lgomy8eq,3,12
t5fns0sq,3,12
0ff2742h,3,12
1csmmf08,3,12
0j3nkqts,3,13
lcruc2lq,3,13
11e94pe7,3,13
ubop1qmx,3,13
z2rsp6um,3,13
c3206739,3,13
g990zma5,3,13
p7c86bd0,3,13
jwexfmub,3,13
pdtmhm69,3,13
8b7ikkdg,3,13
wc6s9dsl,3,13
0005b37f,3,13
8s1edw15,3,13
i6gy2wgj,3,13
bptmjh3d,3,13
lgomy8eq,3,13
t5fns0sq,3,13
0ff2742h,3,13
1csmmf08,3,13
0j3nkqts,3,14
lcruc2lq,3,14
11e94pe7,3,14
ubop1qmx,3,14
z2rsp6um,3,14
c3206739,3,14
g990zma5,3,14
p7c86bd0,3,14
jwexfmub,3,14
pdtmhm69,3,14
8b7ikkdg,3,14
wc6s9dsl,3,14
0005b37f,3,14
8s1edw15,3,14
i6gy2wgj,3,14
bptmjh3d,3,14
lgomy8eq,3,14
t5fns0sq,3,14
0ff2742h,3,14
1csmmf08,3,14
0j3nkqts,3,15
lcruc2lq,3,15
11e94pe7,3,15
ubop1qmx,3,15
z2rsp6um,3,15
c3206739,3,15
g990zma5,3,15
p7c86bd0,3,15
jwexfmub,3,15
pdtmhm69,3,15
8b7ikkdg,3,15
wc6s9dsl,3,15
0005b37f,3,15
8s1edw15,3,15
i6gy2wgj,3,15
bptmjh3d,3,15
lgomy8eq,3,15
t5fns0sq,3,15
0ff2742h,3,15
1csmmf08,3,15
0j3nkqts,3,16
lcruc2lq,3,16
11e94pe7,3,16
ubop1qmx,3,16
z2rsp6um,3,16
c3206739,3,16
g990zma5,3,16
p7c86bd0,3,16
jwexfmub,3,16
pdtmhm69,3,16
8b7ikkdg,3,16
wc6s9dsl,3,16
0005b37f,3,16
8s1edw15,3,16
i6gy2wgj,3,16
bptmjh3d,3,16
lgomy8eq,3,16
t5fns0sq,3,16
0ff2742h,3,16
1csmmf08,3,16
0j3nkqts,3,17
lcruc2lq,3,17
11e94pe7,3,17
ubop1qmx,3,17
z2rsp6um,3,17
c3206739,3,17
g990zma5,3,17
p7c86bd0,3,17
jwexfmub,3,17
pdtmhm69,3,17
8b7ikkdg,3,17
wc6s9dsl,3,17
0005b37f,3,17
8s1edw15,3,17
i6gy2wgj,3,17
bptmjh3d,3,17
lgomy8eq,3,17
t5fns0sq,3,17
0ff2742h,3,17
1csmmf08,3,17
0j3nkqts,3,18
lcruc2lq,3,18
11e94pe7,3,18
ubop1qmx,3,18
z2rsp6um,3,18
c3206739,3,18
g990zma5,3,18
p7c86bd0,3,18
jwexfmub,3,18
pdtmhm69,3,18
8b7ikkdg,3,18
wc6s9dsl,3,18
0005b37f,3,18
8s1edw15,3,18
i6gy2wgj,3,18
bptmjh3d,3,18
lgomy8eq,3,18
t5fns0sq,3,18
0ff2742h,3,18
1csmmf08,3,18
0j3nkqts,3,19
lcruc2lq,3,19
11e94pe7,3,19
ubop1qmx,3,19
z2rsp6um,3,19
c3206739,3,19
g990zma5,3,19
p7c86bd0,3,19
jwexfmub,3,19
pdtmhm69,3,19
8b7ikkdg,3,19
wc6s9dsl,3,19
0005b37f,3,19
8s1edw15,3,19
i6gy2wgj,3,19
bptmjh3d,3,19
lgomy8eq,3,19
t5fns0sq,3,19
0ff2742h,3,19
1csmmf08,3,19
0j3nkqts,3,20
lcruc2lq,3,20
11e94pe7,3,20
ubop1qmx,3,20
z2rsp6um,3,20
c3206739,3,20
g990zma5,3,20
p7c86bd0,3,20
jwexfmub,3,20
pdtmhm69,3,20
8b7ikkdg,3,20
wc6s9dsl,3,20
0005b37f,3,20
8s1edw15,3,20
i6gy2wgj,3,20
bptmjh3d,3,20
lgomy8eq,3,20
t5fns0sq,3,20
0ff2742h,3,20
1csmmf08,3,20
tgyt0okw,3,1
xluifzfl,3,1
kpo7dpw7,3,1
79qn2mgn,3,1
3rqszw2y,3,1
26qqxpjj,3,1
8fqgkizh,3,1
hb9e1b5f,3,1
0g7sv439,3,1
037gym6i,3,1
1bfi45o2,3,1
1yc3rs1q,3,1
u0fm0adl,3,1
4qopg1ub,3,1
0mrw3gqi,3,1
idw6uw5h,3,1
ag8yu9h7,3,1
5kipyxnx,3,1
bieu6mpr,3,1
fh8ly4jj,3,1
tgyt0okw,3,2
xluifzfl,3,2
kpo7dpw7,3,2
79qn2mgn,3,2
3rqszw2y,3,2
26qqxpjj,3,2
8fqgkizh,3,2
hb9e1b5f,3,2
0g7sv439,3,2
037gym6i,3,2
1bfi45o2,3,2
1yc3rs1q,3,2
u0fm0adl,3,2
4qopg1ub,3,2
0mrw3gqi,3,2
idw6uw5h,3,2
ag8yu9h7,3,2
5kipyxnx,3,2
bieu6mpr,3,2
fh8ly4jj,3,2
tgyt0okw,3,3
xluifzfl,3,3
kpo7dpw7,3,3
79qn2mgn,3,3
3rqszw2y,3,3
26qqxpjj,3,3
8fqgkizh,3,3
hb9e1b5f,3,3
0g7sv439,3,3
037gym6i,3,3
1bfi45o2,3,3
1yc3rs1q,3,3
u0fm0adl,3,3
4qopg1ub,3,3
0mrw3gqi,3,3
idw6uw5h,3,3
ag8yu9h7,3,3
5kipyxnx,3,3
bieu6mpr,3,3
fh8ly4jj,3,3
tgyt0okw,3,4
xluifzfl,3,4
kpo7dpw7,3,4
79qn2mgn,3,4
3rqszw2y,3,4
26qqxpjj,3,4
8fqgkizh,3,4
hb9e1b5f,3,4
0g7sv439,3,4
037gym6i,3,4
1bfi45o2,3,4
1yc3rs1q,3,4
u0fm0adl,3,4
4qopg1ub,3,4
0mrw3gqi,3,4
idw6uw5h,3,4
ag8yu9h7,3,4
5kipyxnx,3,4
bieu6mpr,3,4
fh8ly4jj,3,4
tgyt0okw,3,5
xluifzfl,3,5
kpo7dpw7,3,5
79qn2mgn,3,5
3rqszw2y,3,5
26qqxpjj,3,5
8fqgkizh,3,5
hb9e1b5f,3,5
0g7sv439,3,5
037gym6i,3,5
1bfi45o2,3,5
1yc3rs1q,3,5
u0fm0adl,3,5
4qopg1ub,3,5
0mrw3gqi,3,5
idw6uw5h,3,5
ag8yu9h7,3,5
5kipyxnx,3,5
bieu6mpr,3,5
fh8ly4jj,3,5
tgyt0okw,3,6
xluifzfl,3,6
kpo7dpw7,3,6
79qn2mgn,3,6
3rqszw2y,3,6
26qqxpjj,3,6
8fqgkizh,3,6
hb9e1b5f,3,6
0g7sv439,3,6
037gym6i,3,6
1bfi45o2,3,6
1yc3rs1q,3,6
u0fm0adl,3,6
4qopg1ub,3,6
0mrw3gqi,3,6
idw6uw5h,3,6
ag8yu9h7,3,6
5kipyxnx,3,6
bieu6mpr,3,6
fh8ly4jj,3,6
tgyt0okw,3,7
xluifzfl,3,7
kpo7dpw7,3,7
79qn2mgn,3,7
3rqszw2y,3,7
26qqxpjj,3,7
8fqgkizh,3,7
hb9e1b5f,3,7
0g7sv439,3,7
037gym6i,3,7
1bfi45o2,3,7
1yc3rs1q,3,7
u0fm0adl,3,7
4qopg1ub,3,7
0mrw3gqi,3,7
idw6uw5h,3,7
ag8yu9h7,3,7
5kipyxnx,3,7
bieu6mpr,3,7
fh8ly4jj,3,7
tgyt0okw,3,8
xluifzfl,3,8
kpo7dpw7,3,8
79qn2mgn,3,8
3rqszw2y,3,8
26qqxpjj,3,8
8fqgkizh,3,8
hb9e1b5f,3,8
0g7sv439,3,8
037gym6i,3,8
1bfi45o2,3,8
1yc3rs1q,3,8
u0fm0adl,3,8
4qopg1ub,3,8
0mrw3gqi,3,8
idw6uw5h,3,8
ag8yu9h7,3,8
5kipyxnx,3,8
bieu6mpr,3,8
fh8ly4jj,3,8
tgyt0okw,3,9
xluifzfl,3,9
kpo7dpw7,3,9
79qn2mgn,3,9
3rqszw2y,3,9
26qqxpjj,3,9
8fqgkizh,3,9
hb9e1b5f,3,9
0g7sv439,3,9
037gym6i,3,9
1bfi45o2,3,9
1yc3rs1q,3,9
u0fm0adl,3,9
4qopg1ub,3,9
0mrw3gqi,3,9
idw6uw5h,3,9
ag8yu9h7,3,9
5kipyxnx,3,9
bieu6mpr,3,9
fh8ly4jj,3,9
tgyt0okw,3,10
xluifzfl,3,10
kpo7dpw7,3,10
79qn2mgn,3,10
3rqszw2y,3,10
26qqxpjj,3,10
8fqgkizh,3,10
hb9e1b5f,3,10
0g7sv439,3,10
037gym6i,3,10
1bfi45o2,3,10
1yc3rs1q,3,10
u0fm0adl,3,10
4qopg1ub,3,10
0mrw3gqi,3,10
idw6uw5h,3,10
ag8yu9h7,3,10
5kipyxnx,3,10
bieu6mpr,3,10
fh8ly4jj,3,10
tgyt0okw,3,11
xluifzfl,3,11
kpo7dpw7,3,11
79qn2mgn,3,11
3rqszw2y,3,11
26qqxpjj,3,11
8fqgkizh,3,11
hb9e1b5f,3,11
0g7sv439,3,11
037gym6i,3,11
1bfi45o2,3,11
1yc3rs1q,3,11
u0fm0adl,3,11
4qopg1ub,3,11
0mrw3gqi,3,11
idw6uw5h,3,11
ag8yu9h7,3,11
5kipyxnx,3,11
bieu6mpr,3,11
fh8ly4jj,3,11
tgyt0okw,3,12
xluifzfl,3,12
kpo7dpw7,3,12
79qn2mgn,3,12
3rqszw2y,3,12
26qqxpjj,3,12
8fqgkizh,3,12
hb9e1b5f,3,12
0g7sv439,3,12
037gym6i,3,12
1bfi45o2,3,12
1yc3rs1q,3,12
u0fm0adl,3,12
4qopg1ub,3,12
0mrw3gqi,3,12
idw6uw5h,3,12
ag8yu9h7,3,12
5kipyxnx,3,12
bieu6mpr,3,12
fh8ly4jj,3,12
tgyt0okw,3,13
xluifzfl,3,13
kpo7dpw7,3,13
79qn2mgn,3,13
3rqszw2y,3,13
26qqxpjj,3,13
8fqgkizh,3,13
hb9e1b5f,3,13
0g7sv439,3,13
037gym6i,3,13
1bfi45o2,3,13
1yc3rs1q,3,13
u0fm0adl,3,13
4qopg1ub,3,13
0mrw3gqi,3,13
idw6uw5h,3,13
ag8yu9h7,3,13
5kipyxnx,3,13
bieu6mpr,3,13
fh8ly4jj,3,13
tgyt0okw,3,14
xluifzfl,3,14
kpo7dpw7,3,14
79qn2mgn,3,14
3rqszw2y,3,14
26qqxpjj,3,14
8fqgkizh,3,14
hb9e1b5f,3,14
0g7sv439,3,14
037gym6i,3,14
1bfi45o2,3,14
1yc3rs1q,3,14
u0fm0adl,3,14
4qopg1ub,3,14
0mrw3gqi,3,14
idw6uw5h,3,14
ag8yu9h7,3,14
5kipyxnx,3,14
bieu6mpr,3,14
fh8ly4jj,3,14
tgyt0okw,3,15
xluifzfl,3,15
kpo7dpw7,3,15
79qn2mgn,3,15
3rqszw2y,3,15
26qqxpjj,3,15
8fqgkizh,3,15
hb9e1b5f,3,15
0g7sv439,3,15
037gym6i,3,15
1bfi45o2,3,15
1yc3rs1q,3,15
u0fm0adl,3,15
4qopg1ub,3,15
0mrw3gqi,3,15
idw6uw5h,3,15
ag8yu9h7,3,15
5kipyxnx,3,15
bieu6mpr,3,15
fh8ly4jj,3,15
tgyt0okw,3,16
xluifzfl,3,16
kpo7dpw7,3,16
79qn2mgn,3,16
3rqszw2y,3,16
26qqxpjj,3,16
8fqgkizh,3,16
hb9e1b5f,3,16
0g7sv439,3,16
037gym6i,3,16
1bfi45o2,3,16
1yc3rs1q,3,16
u0fm0adl,3,16
4qopg1ub,3,16
0mrw3gqi,3,16
idw6uw5h,3,16
ag8yu9h7,3,16
5kipyxnx,3,16
bieu6mpr,3,16
fh8ly4jj,3,16
tgyt0okw,3,17
xluifzfl,3,17
kpo7dpw7,3,17
79qn2mgn,3,17
3rqszw2y,3,17
26qqxpjj,3,17
8fqgkizh,3,17
hb9e1b5f,3,17
0g7sv439,3,17
037gym6i,3,17
1bfi45o2,3,17
1yc3rs1q,3,17
u0fm0adl,3,17
4qopg1ub,3,17
0mrw3gqi,3,17
idw6uw5h,3,17
ag8yu9h7,3,17
5kipyxnx,3,17
bieu6mpr,3,17
fh8ly4jj,3,17
tgyt0okw,3,18
xluifzfl,3,18
kpo7dpw7,3,18
79qn2mgn,3,18
3rqszw2y,3,18
26qqxpjj,3,18
8fqgkizh,3,18
hb9e1b5f,3,18
0g7sv439,3,18
037gym6i,3,18
1bfi45o2,3,18
1yc3rs1q,3,18
u0fm0adl,3,18
4qopg1ub,3,18
0mrw3gqi,3,18
idw6uw5h,3,18
ag8yu9h7,3,18
5kipyxnx,3,18
bieu6mpr,3,18
fh8ly4jj,3,18
tgyt0okw,3,19
xluifzfl,3,19
kpo7dpw7,3,19
79qn2mgn,3,19
3rqszw2y,3,19
26qqxpjj,3,19
8fqgkizh,3,19
hb9e1b5f,3,19
0g7sv439,3,19
037gym6i,3,19
1bfi45o2,3,19
1yc3rs1q,3,19
u0fm0adl,3,19
4qopg1ub,3,19
0mrw3gqi,3,19
idw6uw5h,3,19
ag8yu9h7,3,19
5kipyxnx,3,19
bieu6mpr,3,19
fh8ly4jj,3,19
tgyt0okw,3,20
xluifzfl,3,20
kpo7dpw7,3,20
79qn2mgn,3,20
3rqszw2y,3,20
26qqxpjj,3,20
8fqgkizh,3,20
hb9e1b5f,3,20
0g7sv439,3,20
037gym6i,3,20
1bfi45o2,3,20
1yc3rs1q,3,20
u0fm0adl,3,20
4qopg1ub,3,20
0mrw3gqi,3,20
idw6uw5h,3,20
ag8yu9h7,3,20
5kipyxnx,3,20
bieu6mpr,3,20
fh8ly4jj,3,20
v3tqtmd8,3,1
6ac48e1h,3,1
tl39jvsk,3,1
57n9cs6z,3,1
iuanzkch,3,1
z873r4vo,3,1
hk4udpqv,3,1
9i73mzxn,3,1
n26lbqa5,3,1
jbfzncen,3,1
awima2e6,3,1
0x4d1g7c,3,1
awof1evv,3,1
nbmjj5a1,3,1
cdxl50hf,3,1
rfnis2ed,3,1
fpeptlxo,3,1
k93onftx,3,1
8a4otv31,3,1
kxq00qk5,3,1
v3tqtmd8,3,2
6ac48e1h,3,2
tl39jvsk,3,2
57n9cs6z,3,2
iuanzkch,3,2
z873r4vo,3,2
hk4udpqv,3,2
9i73mzxn,3,2
n26lbqa5,3,2
jbfzncen,3,2
awima2e6,3,2
0x4d1g7c,3,2
awof1evv,3,2
nbmjj5a1,3,2
cdxl50hf,3,2
rfnis2ed,3,2
fpeptlxo,3,2
k93onftx,3,2
8a4otv31,3,2
kxq00qk5,3,2
v3tqtmd8,3,3
6ac48e1h,3,3
tl39jvsk,3,3
57n9cs6z,3,3
iuanzkch,3,3
z873r4vo,3,3
hk4udpqv,3,3
9i73mzxn,3,3
n26lbqa5,3,3
jbfzncen,3,3
awima2e6,3,3
0x4d1g7c,3,3
awof1evv,3,3
nbmjj5a1,3,3
cdxl50hf,3,3
rfnis2ed,3,3
fpeptlxo,3,3
k93onftx,3,3
8a4otv31,3,3
kxq00qk5,3,3
v3tqtmd8,3,4
6ac48e1h,3,4
tl39jvsk,3,4
57n9cs6z,3,4
iuanzkch,3,4
z873r4vo,3,4
hk4udpqv,3,4
9i73mzxn,3,4
n26lbqa5,3,4
jbfzncen,3,4
awima2e6,3,4
0x4d1g7c,3,4
awof1evv,3,4
nbmjj5a1,3,4
cdxl50hf,3,4
rfnis2ed,3,4
fpeptlxo,3,4
k93onftx,3,4
8a4otv31,3,4
kxq00qk5,3,4
v3tqtmd8,3,5
6ac48e1h,3,5
tl39jvsk,3,5
57n9cs6z,3,5
iuanzkch,3,5
z873r4vo,3,5
hk4udpqv,3,5
9i73mzxn,3,5
n26lbqa5,3,5
jbfzncen,3,5
awima2e6,3,5
0x4d1g7c,3,5
awof1evv,3,5
nbmjj5a1,3,5
cdxl50hf,3,5
rfnis2ed,3,5
fpeptlxo,3,5
k93onftx,3,5
8a4otv31,3,5
kxq00qk5,3,5
v3tqtmd8,3,6
6ac48e1h,3,6
tl39jvsk,3,6
57n9cs6z,3,6
iuanzkch,3,6
z873r4vo,3,6
hk4udpqv,3,6
9i73mzxn,3,6
n26lbqa5,3,6
jbfzncen,3,6
awima2e6,3,6
0x4d1g7c,3,6
awof1evv,3,6
nbmjj5a1,3,6
cdxl50hf,3,6
rfnis2ed,3,6
fpeptlxo,3,6
k93onftx,3,6
8a4otv31,3,6
kxq00qk5,3,6
v3tqtmd8,3,7
6ac48e1h,3,7
tl39jvsk,3,7
57n9cs6z,3,7
iuanzkch,3,7
z873r4vo,3,7
hk4udpqv,3,7
9i73mzxn,3,7
n26lbqa5,3,7
jbfzncen,3,7
awima2e6,3,7
0x4d1g7c,3,7
awof1evv,3,7
nbmjj5a1,3,7
cdxl50hf,3,7
rfnis2ed,3,7
fpeptlxo,3,7
k93onftx,3,7
8a4otv31,3,7
kxq00qk5,3,7
v3tqtmd8,3,8
6ac48e1h,3,8
tl39jvsk,3,8
57n9cs6z,3,8
iuanzkch,3,8
z873r4vo,3,8
hk4udpqv,3,8
9i73mzxn,3,8
n26lbqa5,3,8
jbfzncen,3,8
awima2e6,3,8
0x4d1g7c,3,8
awof1evv,3,8
nbmjj5a1,3,8
cdxl50hf,3,8
rfnis2ed,3,8
fpeptlxo,3,8
k93onftx,3,8
8a4otv31,3,8
kxq00qk5,3,8
v3tqtmd8,3,9
6ac48e1h,3,9
tl39jvsk,3,9
57n9cs6z,3,9
iuanzkch,3,9
z873r4vo,3,9
hk4udpqv,3,9
9i73mzxn,3,9
n26lbqa5,3,9
jbfzncen,3,9
awima2e6,3,9
0x4d1g7c,3,9
awof1evv,3,9
nbmjj5a1,3,9
cdxl50hf,3,9
rfnis2ed,3,9
fpeptlxo,3,9
k93onftx,3,9
8a4otv31,3,9
kxq00qk5,3,9
v3tqtmd8,3,10
6ac48e1h,3,10
tl39jvsk,3,10
57n9cs6z,3,10
iuanzkch,3,10
z873r4vo,3,10
hk4udpqv,3,10
9i73mzxn,3,10
n26lbqa5,3,10
jbfzncen,3,10
awima2e6,3,10
0x4d1g7c,3,10
awof1evv,3,10
nbmjj5a1,3,10
cdxl50hf,3,10
rfnis2ed,3,10
fpeptlxo,3,10
k93onftx,3,10
8a4otv31,3,10
kxq00qk5,3,10
v3tqtmd8,3,11
6ac48e1h,3,11
tl39jvsk,3,11
57n9cs6z,3,11
iuanzkch,3,11
z873r4vo,3,11
hk4udpqv,3,11
9i73mzxn,3,11
n26lbqa5,3,11
jbfzncen,3,11
awima2e6,3,11
0x4d1g7c,3,11
awof1evv,3,11
nbmjj5a1,3,11
cdxl50hf,3,11
rfnis2ed,3,11
fpeptlxo,3,11
k93onftx,3,11
8a4otv31,3,11
kxq00qk5,3,11
v3tqtmd8,3,12
6ac48e1h,3,12
tl39jvsk,3,12
57n9cs6z,3,12
iuanzkch,3,12
z873r4vo,3,12
hk4udpqv,3,12
9i73mzxn,3,12
n26lbqa5,3,12
jbfzncen,3,12
awima2e6,3,12
0x4d1g7c,3,12
awof1evv,3,12
nbmjj5a1,3,12
cdxl50hf,3,12
rfnis2ed,3,12
fpeptlxo,3,12
k93onftx,3,12
8a4otv31,3,12
kxq00qk5,3,12
v3tqtmd8,3,13
6ac48e1h,3,13
tl39jvsk,3,13
57n9cs6z,3,13
iuanzkch,3,13
z873r4vo,3,13
hk4udpqv,3,13
9i73mzxn,3,13
n26lbqa5,3,13
jbfzncen,3,13
awima2e6,3,13
0x4d1g7c,3,13
awof1evv,3,13
nbmjj5a1,3,13
cdxl50hf,3,13
rfnis2ed,3,13
fpeptlxo,3,13
k93onftx,3,13
8a4otv31,3,13
kxq00qk5,3,13
v3tqtmd8,3,14
6ac48e1h,3,14
tl39jvsk,3,14
57n9cs6z,3,14
iuanzkch,3,14
z873r4vo,3,14
hk4udpqv,3,14
9i73mzxn,3,14
n26lbqa5,3,14
jbfzncen,3,14
awima2e6,3,14
0x4d1g7c,3,14
awof1evv,3,14
nbmjj5a1,3,14
cdxl50hf,3,14
rfnis2ed,3,14
fpeptlxo,3,14
k93onftx,3,14
8a4otv31,3,14
kxq00qk5,3,14
v3tqtmd8,3,15
6ac48e1h,3,15
tl39jvsk,3,15
57n9cs6z,3,15
iuanzkch,3,15
z873r4vo,3,15
hk4udpqv,3,15
9i73mzxn,3,15
n26lbqa5,3,15
jbfzncen,3,15
awima2e6,3,15
0x4d1g7c,3,15
awof1evv,3,15
nbmjj5a1,3,15
cdxl50hf,3,15
rfnis2ed,3,15
fpeptlxo,3,15
k93onftx,3,15
8a4otv31,3,15
kxq00qk5,3,15
v3tqtmd8,3,16
6ac48e1h,3,16
tl39jvsk,3,16
57n9cs6z,3,16
iuanzkch,3,16
z873r4vo,3,16
hk4udpqv,3,16
9i73mzxn,3,16
n26lbqa5,3,16
jbfzncen,3,16
awima2e6,3,16
0x4d1g7c,3,16
awof1evv,3,16
nbmjj5a1,3,16
cdxl50hf,3,16
rfnis2ed,3,16
fpeptlxo,3,16
k93onftx,3,16
8a4otv31,3,16
kxq00qk5,3,16
v3tqtmd8,3,17
6ac48e1h,3,17
tl39jvsk,3,17
57n9cs6z,3,17
iuanzkch,3,17
z873r4vo,3,17
hk4udpqv,3,17
9i73mzxn,3,17
n26lbqa5,3,17
jbfzncen,3,17
awima2e6,3,17
0x4d1g7c,3,17
awof1evv,3,17
nbmjj5a1,3,17
cdxl50hf,3,17
rfnis2ed,3,17
fpeptlxo,3,17
k93onftx,3,17
8a4otv31,3,17
kxq00qk5,3,17
v3tqtmd8,3,18
6ac48e1h,3,18
tl39jvsk,3,18
57n9cs6z,3,18
iuanzkch,3,18
z873r4vo,3,18
hk4udpqv,3,18
9i73mzxn,3,18
n26lbqa5,3,18
jbfzncen,3,18
awima2e6,3,18
0x4d1g7c,3,18
awof1evv,3,18
nbmjj5a1,3,18
cdxl50hf,3,18
rfnis2ed,3,18
fpeptlxo,3,18
k93onftx,3,18
8a4otv31,3,18
kxq00qk5,3,18
v3tqtmd8,3,19
6ac48e1h,3,19
tl39jvsk,3,19
57n9cs6z,3,19
iuanzkch,3,19
z873r4vo,3,19
hk4udpqv,3,19
9i73mzxn,3,19
n26lbqa5,3,19
jbfzncen,3,19
awima2e6,3,19
0x4d1g7c,3,19
awof1evv,3,19
nbmjj5a1,3,19
cdxl50hf,3,19
rfnis2ed,3,19
fpeptlxo,3,19
k93onftx,3,19
8a4otv31,3,19
kxq00qk5,3,19
v3tqtmd8,3,20
6ac48e1h,3,20
tl39jvsk,3,20
57n9cs6z,3,20
iuanzkch,3,20
z873r4vo,3,20
hk4udpqv,3,20
9i73mzxn,3,20
n26lbqa5,3,20
jbfzncen,3,20
awima2e6,3,20
0x4d1g7c,3,20
awof1evv,3,20
nbmjj5a1,3,20
cdxl50hf,3,20
rfnis2ed,3,20
fpeptlxo,3,20
k93onftx,3,20
8a4otv31,3,20
kxq00qk5,3,20
j4rjykeb,5,1
8cyh64c7,5,1
nxlvuopa,5,1
w9vla1hv,5,1
0k6r6bgl,5,1
hq6lddx8,5,1
mh3nw2gr,5,1
sca5toky,5,1
8yww2xfk,5,1
7qaw85j9,5,1
2dxnce3p,5,1
lqy09jik,5,1
ktiz1h1g,5,1
ytgj1t65,5,1
z668vjdm,5,1
2be0jkh2,5,1
s270rho2,5,1
kgm6ppuo,5,1
6gir6eim,5,1
j4rjykeb,5,2
8cyh64c7,5,2
nxlvuopa,5,2
w9vla1hv,5,2
0k6r6bgl,5,2
hq6lddx8,5,2
mh3nw2gr,5,2
sca5toky,5,2
8yww2xfk,5,2
7qaw85j9,5,2
2dxnce3p,5,2
lqy09jik,5,2
ktiz1h1g,5,2
ytgj1t65,5,2
z668vjdm,5,2
2be0jkh2,5,2
s270rho2,5,2
kgm6ppuo,5,2
6gir6eim,5,2
j4rjykeb,5,3
8cyh64c7,5,3
nxlvuopa,5,3
w9vla1hv,5,3
0k6r6bgl,5,3
hq6lddx8,5,3
mh3nw2gr,5,3
sca5toky,5,3
8yww2xfk,5,3
7qaw85j9,5,3
2dxnce3p,5,3
lqy09jik,5,3
ktiz1h1g,5,3
ytgj1t65,5,3
z668vjdm,5,3
2be0jkh2,5,3
s270rho2,5,3
kgm6ppuo,5,3
6gir6eim,5,3
j4rjykeb,5,4
8cyh64c7,5,4
nxlvuopa,5,4
w9vla1hv,5,4
0k6r6bgl,5,4
hq6lddx8,5,4
mh3nw2gr,5,4
sca5toky,5,4
8yww2xfk,5,4
7qaw85j9,5,4
2dxnce3p,5,4
lqy09jik,5,4
ktiz1h1g,5,4
ytgj1t65,5,4
z668vjdm,5,4
2be0jkh2,5,4
s270rho2,5,4
kgm6ppuo,5,4
6gir6eim,5,4
j4rjykeb,5,5
8cyh64c7,5,5
nxlvuopa,5,5
w9vla1hv,5,5
0k6r6bgl,5,5
hq6lddx8,5,5
mh3nw2gr,5,5
sca5toky,5,5
8yww2xfk,5,5
7qaw85j9,5,5
2dxnce3p,5,5
lqy09jik,5,5
ktiz1h1g,5,5
ytgj1t65,5,5
z668vjdm,5,5
2be0jkh2,5,5
s270rho2,5,5
kgm6ppuo,5,5
6gir6eim,5,5
j4rjykeb,5,6
8cyh64c7,5,6
nxlvuopa,5,6
w9vla1hv,5,6
0k6r6bgl,5,6
hq6lddx8,5,6
mh3nw2gr,5,6
sca5toky,5,6
8yww2xfk,5,6
7qaw85j9,5,6
2dxnce3p,5,6
lqy09jik,5,6
ktiz1h1g,5,6
ytgj1t65,5,6
z668vjdm,5,6
2be0jkh2,5,6
s270rho2,5,6
kgm6ppuo,5,6
6gir6eim,5,6
j4rjykeb,5,7
8cyh64c7,5,7
nxlvuopa,5,7
w9vla1hv,5,7
0k6r6bgl,5,7
hq6lddx8,5,7
mh3nw2gr,5,7
sca5toky,5,7
8yww2xfk,5,7
7qaw85j9,5,7
2dxnce3p,5,7
lqy09jik,5,7
ktiz1h1g,5,7
ytgj1t65,5,7
z668vjdm,5,7
2be0jkh2,5,7
s270rho2,5,7
kgm6ppuo,5,7
6gir6eim,5,7
j4rjykeb,5,8
8cyh64c7,5,8
nxlvuopa,5,8
w9vla1hv,5,8
0k6r6bgl,5,8
hq6lddx8,5,8
mh3nw2gr,5,8
sca5toky,5,8
8yww2xfk,5,8
7qaw85j9,5,8
2dxnce3p,5,8
lqy09jik,5,8
ktiz1h1g,5,8
ytgj1t65,5,8
z668vjdm,5,8
2be0jkh2,5,8
s270rho2,5,8
kgm6ppuo,5,8
6gir6eim,5,8
j4rjykeb,5,9
8cyh64c7,5,9
nxlvuopa,5,9
w9vla1hv,5,9
0k6r6bgl,5,9
hq6lddx8,5,9
mh3nw2gr,5,9
sca5toky,5,9
8yww2xfk,5,9
7qaw85j9,5,9
2dxnce3p,5,9
lqy09jik,5,9
ktiz1h1g,5,9
ytgj1t65,5,9
z668vjdm,5,9
2be0jkh2,5,9
s270rho2,5,9
kgm6ppuo,5,9
6gir6eim,5,9
j4rjykeb,5,10
8cyh64c7,5,10
nxlvuopa,5,10
w9vla1hv,5,10
0k6r6bgl,5,10
hq6lddx8,5,10
mh3nw2gr,5,10
sca5toky,5,10
8yww2xfk,5,10
7qaw85j9,5,10
2dxnce3p,5,10
lqy09jik,5,10
ktiz1h1g,5,10
ytgj1t65,5,10
z668vjdm,5,10
2be0jkh2,5,10
s270rho2,5,10
kgm6ppuo,5,10
6gir6eim,5,10
j4rjykeb,5,11
8cyh64c7,5,11
nxlvuopa,5,11
w9vla1hv,5,11
0k6r6bgl,5,11
hq6lddx8,5,11
mh3nw2gr,5,11
sca5toky,5,11
8yww2xfk,5,11
7qaw85j9,5,11
2dxnce3p,5,11
lqy09jik,5,11
ktiz1h1g,5,11
ytgj1t65,5,11
z668vjdm,5,11
2be0jkh2,5,11
s270rho2,5,11
kgm6ppuo,5,11
6gir6eim,5,11
j4rjykeb,5,12
8cyh64c7,5,12
nxlvuopa,5,12
w9vla1hv,5,12
0k6r6bgl,5,12
hq6lddx8,5,12
mh3nw2gr,5,12
sca5toky,5,12
8yww2xfk,5,12
7qaw85j9,5,12
2dxnce3p,5,12
lqy09jik,5,12
ktiz1h1g,5,12
ytgj1t65,5,12
z668vjdm,5,12
2be0jkh2,5,12
s270rho2,5,12
kgm6ppuo,5,12
6gir6eim,5,12
j4rjykeb,5,13
8cyh64c7,5,13
nxlvuopa,5,13
w9vla1hv,5,13
0k6r6bgl,5,13
hq6lddx8,5,13
mh3nw2gr,5,13
sca5toky,5,13
8yww2xfk,5,13
7qaw85j9,5,13
2dxnce3p,5,13
lqy09jik,5,13
ktiz1h1g,5,13
ytgj1t65,5,13
z668vjdm,5,13
2be0jkh2,5,13
s270rho2,5,13
kgm6ppuo,5,13
6gir6eim,5,13
j4rjykeb,5,14
8cyh64c7,5,14
nxlvuopa,5,14
w9vla1hv,5,14
0k6r6bgl,5,14
hq6lddx8,5,14
mh3nw2gr,5,14
sca5toky,5,14
8yww2xfk,5,14
7qaw85j9,5,14
2dxnce3p,5,14
lqy09jik,5,14
ktiz1h1g,5,14
ytgj1t65,5,14
z668vjdm,5,14
2be0jkh2,5,14
s270rho2,5,14
kgm6ppuo,5,14
6gir6eim,5,14
j4rjykeb,5,15
8cyh64c7,5,15
nxlvuopa,5,15
w9vla1hv,5,15
0k6r6bgl,5,15
hq6lddx8,5,15
mh3nw2gr,5,15
sca5toky,5,15
8yww2xfk,5,15
7qaw85j9,5,15
2dxnce3p,5,15
lqy09jik,5,15
ktiz1h1g,5,15
ytgj1t65,5,15
z668vjdm,5,15
2be0jkh2,5,15
s270rho2,5,15
kgm6ppuo,5,15
6gir6eim,5,15
j4rjykeb,5,16
8cyh64c7,5,16
nxlvuopa,5,16
w9vla1hv,5,16
0k6r6bgl,5,16
hq6lddx8,5,16
mh3nw2gr,5,16
sca5toky,5,16
8yww2xfk,5,16
7qaw85j9,5,16
2dxnce3p,5,16
lqy09jik,5,16
ktiz1h1g,5,16
ytgj1t65,5,16
z668vjdm,5,16
2be0jkh2,5,16
s270rho2,5,16
kgm6ppuo,5,16
6gir6eim,5,16
j4rjykeb,5,17
8cyh64c7,5,17
nxlvuopa,5,17
w9vla1hv,5,17
0k6r6bgl,5,17
hq6lddx8,5,17
mh3nw2gr,5,17
sca5toky,5,17
8yww2xfk,5,17
7qaw85j9,5,17
2dxnce3p,5,17
lqy09jik,5,17
ktiz1h1g,5,17
ytgj1t65,5,17
z668vjdm,5,17
2be0jkh2,5,17
s270rho2,5,17
kgm6ppuo,5,17
6gir6eim,5,17
j4rjykeb,5,18
8cyh64c7,5,18
nxlvuopa,5,18
w9vla1hv,5,18
0k6r6bgl,5,18
hq6lddx8,5,18
mh3nw2gr,5,18
sca5toky,5,18
8yww2xfk,5,18
7qaw85j9,5,18
2dxnce3p,5,18
lqy09jik,5,18
ktiz1h1g,5,18
ytgj1t65,5,18
z668vjdm,5,18
2be0jkh2,5,18
s270rho2,5,18
kgm6ppuo,5,18
6gir6eim,5,18
j4rjykeb,5,19
8cyh64c7,5,19
nxlvuopa,5,19
w9vla1hv,5,19
0k6r6bgl,5,19
hq6lddx8,5,19
mh3nw2gr,5,19
sca5toky,5,19
8yww2xfk,5,19
7qaw85j9,5,19
2dxnce3p,5,19
lqy09jik,5,19
ktiz1h1g,5,19
ytgj1t65,5,19
z668vjdm,5,19
2be0jkh2,5,19
s270rho2,5,19
kgm6ppuo,5,19
6gir6eim,5,19
j4rjykeb,5,20
8cyh64c7,5,20
nxlvuopa,5,20
w9vla1hv,5,20
0k6r6bgl,5,20
hq6lddx8,5,20
mh3nw2gr,5,20
sca5toky,5,20
8yww2xfk,5,20
7qaw85j9,5,20
2dxnce3p,5,20
lqy09jik,5,20
ktiz1h1g,5,20
ytgj1t65,5,20
z668vjdm,5,20
2be0jkh2,5,20
s270rho2,5,20
kgm6ppuo,5,20
6gir6eim,5,20
3c7rd5ya,5,1
qctopukw,5,1
bdec0ba1,5,1
qslltb0b,5,1
pva278uh,5,1
s9ck61wv,5,1
7vz4x7mn,5,1
5s59rl9r,5,1
yofqpucq,5,1
3mrhtpe3,5,1
qyyocas4,5,1
rjsd3agm,5,1
v6of81mc,5,1
jj25twuw,5,1
m0rj3925,5,1
cn2055xk,5,1
3o1v9r1m,5,1
m3vk4d40,5,1
410e0tw2,5,1
jicuopmz,5,1
3c7rd5ya,5,2
qctopukw,5,2
bdec0ba1,5,2
qslltb0b,5,2
pva278uh,5,2
s9ck61wv,5,2
7vz4x7mn,5,2
5s59rl9r,5,2
yofqpucq,5,2
3mrhtpe3,5,2
qyyocas4,5,2
rjsd3agm,5,2
v6of81mc,5,2
jj25twuw,5,2
m0rj3925,5,2
cn2055xk,5,2
3o1v9r1m,5,2
m3vk4d40,5,2
410e0tw2,5,2
jicuopmz,5,2
3c7rd5ya,5,3
qctopukw,5,3
bdec0ba1,5,3
qslltb0b,5,3
pva278uh,5,3
s9ck61wv,5,3
7vz4x7mn,5,3
5s59rl9r,5,3
yofqpucq,5,3
3mrhtpe3,5,3
qyyocas4,5,3
rjsd3agm,5,3
v6of81mc,5,3
jj25twuw,5,3
m0rj3925,5,3
cn2055xk,5,3
3o1v9r1m,5,3
m3vk4d40,5,3
410e0tw2,5,3
jicuopmz,5,3
3c7rd5ya,5,4
qctopukw,5,4
bdec0ba1,5,4
qslltb0b,5,4
pva278uh,5,4
s9ck61wv,5,4
7vz4x7mn,5,4
5s59rl9r,5,4
yofqpucq,5,4
3mrhtpe3,5,4
qyyocas4,5,4
rjsd3agm,5,4
v6of81mc,5,4
jj25twuw,5,4
m0rj3925,5,4
cn2055xk,5,4
3o1v9r1m,5,4
m3vk4d40,5,4
410e0tw2,5,4
jicuopmz,5,4
3c7rd5ya,5,5
qctopukw,5,5
bdec0ba1,5,5
qslltb0b,5,5
pva278uh,5,5
s9ck61wv,5,5
7vz4x7mn,5,5
5s59rl9r,5,5
yofqpucq,5,5
3mrhtpe3,5,5
qyyocas4,5,5
rjsd3agm,5,5
v6of81mc,5,5
jj25twuw,5,5
m0rj3925,5,5
cn2055xk,5,5
3o1v9r1m,5,5
m3vk4d40,5,5
410e0tw2,5,5
jicuopmz,5,5
3c7rd5ya,5,6
qctopukw,5,6
bdec0ba1,5,6
qslltb0b,5,6
pva278uh,5,6
s9ck61wv,5,6
7vz4x7mn,5,6
5s59rl9r,5,6
yofqpucq,5,6
3mrhtpe3,5,6
qyyocas4,5,6
rjsd3agm,5,6
v6of81mc,5,6
jj25twuw,5,6
m0rj3925,5,6
cn2055xk,5,6
3o1v9r1m,5,6
m3vk4d40,5,6
410e0tw2,5,6
jicuopmz,5,6
3c7rd5ya,5,7
qctopukw,5,7
bdec0ba1,5,7
qslltb0b,5,7
pva278uh,5,7
s9ck61wv,5,7
7vz4x7mn,5,7
5s59rl9r,5,7
yofqpucq,5,7
3mrhtpe3,5,7
qyyocas4,5,7
rjsd3agm,5,7
v6of81mc,5,7
jj25twuw,5,7
m0rj3925,5,7
cn2055xk,5,7
3o1v9r1m,5,7
m3vk4d40,5,7
410e0tw2,5,7
jicuopmz,5,7
3c7rd5ya,5,8
qctopukw,5,8
bdec0ba1,5,8
qslltb0b,5,8
pva278uh,5,8
s9ck61wv,5,8
7vz4x7mn,5,8
5s59rl9r,5,8
yofqpucq,5,8
3mrhtpe3,5,8
qyyocas4,5,8
rjsd3agm,5,8
v6of81mc,5,8
jj25twuw,5,8
m0rj3925,5,8
cn2055xk,5,8
3o1v9r1m,5,8
m3vk4d40,5,8
410e0tw2,5,8
jicuopmz,5,8
3c7rd5ya,5,9
qctopukw,5,9
bdec0ba1,5,9
qslltb0b,5,9
pva278uh,5,9
s9ck61wv,5,9
7vz4x7mn,5,9
5s59rl9r,5,9
yofqpucq,5,9
3mrhtpe3,5,9
qyyocas4,5,9
rjsd3agm,5,9
v6of81mc,5,9
jj25twuw,5,9
m0rj3925,5,9
cn2055xk,5,9
3o1v9r1m,5,9
m3vk4d40,5,9
410e0tw2,5,9
jicuopmz,5,9
3c7rd5ya,5,10
qctopukw,5,10
bdec0ba1,5,10
qslltb0b,5,10
pva278uh,5,10
s9ck61wv,5,10
7vz4x7mn,5,10
5s59rl9r,5,10
yofqpucq,5,10
3mrhtpe3,5,10
qyyocas4,5,10
rjsd3agm,5,10
v6of81mc,5,10
jj25twuw,5,10
m0rj3925,5,10
cn2055xk,5,10
3o1v9r1m,5,10
m3vk4d40,5,10
410e0tw2,5,10
jicuopmz,5,10
3c7rd5ya,5,11
qctopukw,5,11
bdec0ba1,5,11
qslltb0b,5,11
pva278uh,5,11
s9ck61wv,5,11
7vz4x7mn,5,11
5s59rl9r,5,11
yofqpucq,5,11
3mrhtpe3,5,11
qyyocas4,5,11
rjsd3agm,5,11
v6of81mc,5,11
jj25twuw,5,11
m0rj3925,5,11
cn2055xk,5,11
3o1v9r1m,5,11
m3vk4d40,5,11
410e0tw2,5,11
jicuopmz,5,11
3c7rd5ya,5,12
qctopukw,5,12
bdec0ba1,5,12
qslltb0b,5,12
pva278uh,5,12
s9ck61wv,5,12
7vz4x7mn,5,12
5s59rl9r,5,12
yofqpucq,5,12
3mrhtpe3,5,12
qyyocas4,5,12
rjsd3agm,5,12
v6of81mc,5,12
jj25twuw,5,12
m0rj3925,5,12
cn2055xk,5,12
3o1v9r1m,5,12
m3vk4d40,5,12
410e0tw2,5,12
jicuopmz,5,12
3c7rd5ya,5,13
qctopukw,5,13
bdec0ba1,5,13
qslltb0b,5,13
pva278uh,5,13
s9ck61wv,5,13
7vz4x7mn,5,13
5s59rl9r,5,13
yofqpucq,5,13
3mrhtpe3,5,13
qyyocas4,5,13
rjsd3agm,5,13
v6of81mc,5,13
jj25twuw,5,13
m0rj3925,5,13
cn2055xk,5,13
3o1v9r1m,5,13
m3vk4d40,5,13
410e0tw2,5,13
jicuopmz,5,13
3c7rd5ya,5,14
qctopukw,5,14
bdec0ba1,5,14
qslltb0b,5,14
pva278uh,5,14
s9ck61wv,5,14
7vz4x7mn,5,14
5s59rl9r,5,14
yofqpucq,5,14
3mrhtpe3,5,14
qyyocas4,5,14
rjsd3agm,5,14
v6of81mc,5,14
jj25twuw,5,14
m0rj3925,5,14
cn2055xk,5,14
3o1v9r1m,5,14
m3vk4d40,5,14
410e0tw2,5,14
jicuopmz,5,14
3c7rd5ya,5,15
qctopukw,5,15
bdec0ba1,5,15
qslltb0b,5,15
pva278uh,5,15
s9ck61wv,5,15
7vz4x7mn,5,15
5s59rl9r,5,15
yofqpucq,5,15
3mrhtpe3,5,15
qyyocas4,5,15
rjsd3agm,5,15
v6of81mc,5,15
jj25twuw,5,15
m0rj3925,5,15
cn2055xk,5,15
3o1v9r1m,5,15
m3vk4d40,5,15
410e0tw2,5,15
jicuopmz,5,15
3c7rd5ya,5,16
qctopukw,5,16
bdec0ba1,5,16
qslltb0b,5,16
pva278uh,5,16
s9ck61wv,5,16
7vz4x7mn,5,16
5s59rl9r,5,16
yofqpucq,5,16
3mrhtpe3,5,16
qyyocas4,5,16
rjsd3agm,5,16
v6of81mc,5,16
jj25twuw,5,16
m0rj3925,5,16
cn2055xk,5,16
3o1v9r1m,5,16
m3vk4d40,5,16
410e0tw2,5,16
jicuopmz,5,16
3c7rd5ya,5,17
qctopukw,5,17
bdec0ba1,5,17
qslltb0b,5,17
pva278uh,5,17
s9ck61wv,5,17
7vz4x7mn,5,17
5s59rl9r,5,17
yofqpucq,5,17
3mrhtpe3,5,17
qyyocas4,5,17
rjsd3agm,5,17
v6of81mc,5,17
jj25twuw,5,17
m0rj3925,5,17
cn2055xk,5,17
3o1v9r1m,5,17
m3vk4d40,5,17
410e0tw2,5,17
jicuopmz,5,17
3c7rd5ya,5,18
qctopukw,5,18
bdec0ba1,5,18
qslltb0b,5,18
pva278uh,5,18
s9ck61wv,5,18
7vz4x7mn,5,18
5s59rl9r,5,18
yofqpucq,5,18
3mrhtpe3,5,18
qyyocas4,5,18
rjsd3agm,5,18
v6of81mc,5,18
jj25twuw,5,18
m0rj3925,5,18
cn2055xk,5,18
3o1v9r1m,5,18
m3vk4d40,5,18
410e0tw2,5,18
jicuopmz,5,18
3c7rd5ya,5,19
qctopukw,5,19
bdec0ba1,5,19
qslltb0b,5,19
pva278uh,5,19
s9ck61wv,5,19
7vz4x7mn,5,19
5s59rl9r,5,19
yofqpucq,5,19
3mrhtpe3,5,19
qyyocas4,5,19
rjsd3agm,5,19
v6of81mc,5,19
jj25twuw,5,19
m0rj3925,5,19
cn2055xk,5,19
3o1v9r1m,5,19
m3vk4d40,5,19
410e0tw2,5,19
jicuopmz,5,19
3c7rd5ya,5,20
qctopukw,5,20
bdec0ba1,5,20
qslltb0b,5,20
pva278uh,5,20
s9ck61wv,5,20
7vz4x7mn,5,20
5s59rl9r,5,20
yofqpucq,5,20
3mrhtpe3,5,20
qyyocas4,5,20
rjsd3agm,5,20
v6of81mc,5,20
jj25twuw,5,20
m0rj3925,5,20
cn2055xk,5,20
3o1v9r1m,5,20
m3vk4d40,5,20
410e0tw2,5,20
jicuopmz,5,20
n1yognqv,5,1
hdp578ga,5,1
8takecva,5,1
kesgwead,5,1
x6zxi4xg,5,1
3j49d97z,5,1
jwxxxv7d,5,1
h7b871s6,5,1
szjrd90v,5,1
tkz7zh9u,5,1
42bbeqpm,5,1
1o1f1gpp,5,1
o6m81rh2,5,1
ody1m92z,5,1
y5lufa6m,5,1
odyzp5vx,5,1
d67hp72e,5,1
o73qrv2n,5,1
1qzlh5mu,5,1
dnwj15ee,5,1
n1yognqv,5,2
hdp578ga,5,2
8takecva,5,2
kesgwead,5,2
x6zxi4xg,5,2
3j49d97z,5,2
jwxxxv7d,5,2
h7b871s6,5,2
szjrd90v,5,2
tkz7zh9u,5,2
42bbeqpm,5,2
1o1f1gpp,5,2
o6m81rh2,5,2
ody1m92z,5,2
y5lufa6m,5,2
odyzp5vx,5,2
d67hp72e,5,2
o73qrv2n,5,2
1qzlh5mu,5,2
dnwj15ee,5,2
n1yognqv,5,3
hdp578ga,5,3
8takecva,5,3
kesgwead,5,3
x6zxi4xg,5,3
3j49d97z,5,3
jwxxxv7d,5,3
h7b871s6,5,3
szjrd90v,5,3
tkz7zh9u,5,3
42bbeqpm,5,3
1o1f1gpp,5,3
o6m81rh2,5,3
ody1m92z,5,3
y5lufa6m,5,3
odyzp5vx,5,3
d67hp72e,5,3
o73qrv2n,5,3
1qzlh5mu,5,3
dnwj15ee,5,3
n1yognqv,5,4
hdp578ga,5,4
8takecva,5,4
kesgwead,5,4
x6zxi4xg,5,4
3j49d97z,5,4
jwxxxv7d,5,4
h7b871s6,5,4
szjrd90v,5,4
tkz7zh9u,5,4
42bbeqpm,5,4
1o1f1gpp,5,4
o6m81rh2,5,4
ody1m92z,5,4
y5lufa6m,5,4
odyzp5vx,5,4
d67hp72e,5,4
o73qrv2n,5,4
1qzlh5mu,5,4
dnwj15ee,5,4
n1yognqv,5,5
hdp578ga,5,5
8takecva,5,5
kesgwead,5,5
x6zxi4xg,5,5
3j49d97z,5,5
jwxxxv7d,5,5
h7b871s6,5,5
szjrd90v,5,5
tkz7zh9u,5,5
42bbeqpm,5,5
1o1f1gpp,5,5
o6m81rh2,5,5
ody1m92z,5,5
y5lufa6m,5,5
odyzp5vx,5,5
d67hp72e,5,5
o73qrv2n,5,5
1qzlh5mu,5,5
dnwj15ee,5,5
n1yognqv,5,6
hdp578ga,5,6
8takecva,5,6
kesgwead,5,6
x6zxi4xg,5,6
3j49d97z,5,6
jwxxxv7d,5,6
h7b871s6,5,6
szjrd90v,5,6
tkz7zh9u,5,6
42bbeqpm,5,6
1o1f1gpp,5,6
o6m81rh2,5,6
ody1m92z,5,6
y5lufa6m,5,6
odyzp5vx,5,6
d67hp72e,5,6
o73qrv2n,5,6
1qzlh5mu,5,6
dnwj15ee,5,6
n1yognqv,5,7
hdp578ga,5,7
8takecva,5,7
kesgwead,5,7
x6zxi4xg,5,7
3j49d97z,5,7
jwxxxv7d,5,7
h7b871s6,5,7
szjrd90v,5,7
tkz7zh9u,5,7
42bbeqpm,5,7
1o1f1gpp,5,7
o6m81rh2,5,7
ody1m92z,5,7
y5lufa6m,5,7
odyzp5vx,5,7
d67hp72e,5,7
o73qrv2n,5,7
1qzlh5mu,5,7
dnwj15ee,5,7
n1yognqv,5,8
hdp578ga,5,8
8takecva,5,8
kesgwead,5,8
x6zxi4xg,5,8
3j49d97z,5,8
jwxxxv7d,5,8
h7b871s6,5,8
szjrd90v,5,8
tkz7zh9u,5,8
42bbeqpm,5,8
1o1f1gpp,5,8
o6m81rh2,5,8
ody1m92z,5,8
y5lufa6m,5,8
odyzp5vx,5,8
d67hp72e,5,8
o73qrv2n,5,8
1qzlh5mu,5,8
dnwj15ee,5,8
n1yognqv,5,9
hdp578ga,5,9
8takecva,5,9
kesgwead,5,9
x6zxi4xg,5,9
3j49d97z,5,9
jwxxxv7d,5,9
h7b871s6,5,9
szjrd90v,5,9
tkz7zh9u,5,9
42bbeqpm,5,9
1o1f1gpp,5,9
o6m81rh2,5,9
ody1m92z,5,9
y5lufa6m,5,9
odyzp5vx,5,9
d67hp72e,5,9
o73qrv2n,5,9
1qzlh5mu,5,9
dnwj15ee,5,9
n1yognqv,5,10
hdp578ga,5,10
8takecva,5,10
kesgwead,5,10
x6zxi4xg,5,10
3j49d97z,5,10
jwxxxv7d,5,10
h7b871s6,5,10
szjrd90v,5,10
tkz7zh9u,5,10
42bbeqpm,5,10
1o1f1gpp,5,10
o6m81rh2,5,10
ody1m92z,5,10
y5lufa6m,5,10
odyzp5vx,5,10
d67hp72e,5,10
o73qrv2n,5,10
1qzlh5mu,5,10
dnwj15ee,5,10
n1yognqv,5,11
hdp578ga,5,11
8takecva,5,11
kesgwead,5,11
x6zxi4xg,5,11
3j49d97z,5,11
jwxxxv7d,5,11
h7b871s6,5,11
szjrd90v,5,11
tkz7zh9u,5,11
42bbeqpm,5,11
1o1f1gpp,5,11
o6m81rh2,5,11
ody1m92z,5,11
y5lufa6m,5,11
odyzp5vx,5,11
d67hp72e,5,11
o73qrv2n,5,11
1qzlh5mu,5,11
dnwj15ee,5,11
n1yognqv,5,12
hdp578ga,5,12
8takecva,5,12
kesgwead,5,12
x6zxi4xg,5,12
3j49d97z,5,12
jwxxxv7d,5,12
h7b871s6,5,12
szjrd90v,5,12
tkz7zh9u,5,12
42bbeqpm,5,12
1o1f1gpp,5,12
o6m81rh2,5,12
ody1m92z,5,12
y5lufa6m,5,12
odyzp5vx,5,12
d67hp72e,5,12
o73qrv2n,5,12
1qzlh5mu,5,12
dnwj15ee,5,12
n1yognqv,5,13
hdp578ga,5,13
8takecva,5,13
kesgwead,5,13
x6zxi4xg,5,13
3j49d97z,5,13
jwxxxv7d,5,13
h7b871s6,5,13
szjrd90v,5,13
tkz7zh9u,5,13
42bbeqpm,5,13
1o1f1gpp,5,13
o6m81rh2,5,13
ody1m92z,5,13
y5lufa6m,5,13
odyzp5vx,5,13
d67hp72e,5,13
o73qrv2n,5,13
1qzlh5mu,5,13
dnwj15ee,5,13
n1yognqv,5,14
hdp578ga,5,14
8takecva,5,14
kesgwead,5,14
x6zxi4xg,5,14
3j49d97z,5,14
jwxxxv7d,5,14
h7b871s6,5,14
szjrd90v,5,14
tkz7zh9u,5,14
42bbeqpm,5,14
1o1f1gpp,5,14
o6m81rh2,5,14
ody1m92z,5,14
y5lufa6m,5,14
odyzp5vx,5,14
d67hp72e,5,14
o73qrv2n,5,14
1qzlh5mu,5,14
dnwj15ee,5,14
n1yognqv,5,15
hdp578ga,5,15
8takecva,5,15
kesgwead,5,15
x6zxi4xg,5,15
3j49d97z,5,15
jwxxxv7d,5,15
h7b871s6,5,15
szjrd90v,5,15
tkz7zh9u,5,15
42bbeqpm,5,15
1o1f1gpp,5,15
o6m81rh2,5,15
ody1m92z,5,15
y5lufa6m,5,15
odyzp5vx,5,15
d67hp72e,5,15
o73qrv2n,5,15
1qzlh5mu,5,15
dnwj15ee,5,15
n1yognqv,5,16
hdp578ga,5,16
8takecva,5,16
kesgwead,5,16
x6zxi4xg,5,16
3j49d97z,5,16
jwxxxv7d,5,16
h7b871s6,5,16
szjrd90v,5,16
tkz7zh9u,5,16
42bbeqpm,5,16
1o1f1gpp,5,16
o6m81rh2,5,16
ody1m92z,5,16
y5lufa6m,5,16
odyzp5vx,5,16
d67hp72e,5,16
o73qrv2n,5,16
1qzlh5mu,5,16
dnwj15ee,5,16
n1yognqv,5,17
hdp578ga,5,17
8takecva,5,17
kesgwead,5,17
x6zxi4xg,5,17
3j49d97z,5,17
jwxxxv7d,5,17
h7b871s6,5,17
szjrd90v,5,17
tkz7zh9u,5,17
42bbeqpm,5,17
1o1f1gpp,5,17
o6m81rh2,5,17
ody1m92z,5,17
y5lufa6m,5,17
odyzp5vx,5,17
d67hp72e,5,17
o73qrv2n,5,17
1qzlh5mu,5,17
dnwj15ee,5,17
n1yognqv,5,18
hdp578ga,5,18
8takecva,5,18
kesgwead,5,18
x6zxi4xg,5,18
3j49d97z,5,18
jwxxxv7d,5,18
h7b871s6,5,18
szjrd90v,5,18
tkz7zh9u,5,18
42bbeqpm,5,18
1o1f1gpp,5,18
o6m81rh2,5,18
ody1m92z,5,18
y5lufa6m,5,18
odyzp5vx,5,18
d67hp72e,5,18
o73qrv2n,5,18
1qzlh5mu,5,18
dnwj15ee,5,18
n1yognqv,5,19
hdp578ga,5,19
8takecva,5,19
kesgwead,5,19
x6zxi4xg,5,19
3j49d97z,5,19
jwxxxv7d,5,19
h7b871s6,5,19
szjrd90v,5,19
tkz7zh9u,5,19
42bbeqpm,5,19
1o1f1gpp,5,19
o6m81rh2,5,19
ody1m92z,5,19
y5lufa6m,5,19
odyzp5vx,5,19
d67hp72e,5,19
o73qrv2n,5,19
1qzlh5mu,5,19
dnwj15ee,5,19
n1yognqv,5,20
hdp578ga,5,20
8takecva,5,20
kesgwead,5,20
x6zxi4xg,5,20
3j49d97z,5,20
jwxxxv7d,5,20
h7b871s6,5,20
szjrd90v,5,20
tkz7zh9u,5,20
42bbeqpm,5,20
1o1f1gpp,5,20
o6m81rh2,5,20
ody1m92z,5,20
y5lufa6m,5,20
odyzp5vx,5,20
d67hp72e,5,20
o73qrv2n,5,20
1qzlh5mu,5,20
dnwj15ee,5,20
3vpcaply,5,1
z0rxrnnq,5,1
hf30noug,5,1
0tv4w4i5,5,1
tg2aszys,5,1
3vpcaply,5,2
z0rxrnnq,5,2
hf30noug,5,2
0tv4w4i5,5,2
tg2aszys,5,2
3vpcaply,5,3
z0rxrnnq,5,3
hf30noug,5,3
0tv4w4i5,5,3
tg2aszys,5,3
3vpcaply,5,4
z0rxrnnq,5,4
hf30noug,5,4
0tv4w4i5,5,4
tg2aszys,5,4
3vpcaply,5,5
z0rxrnnq,5,5
hf30noug,5,5
0tv4w4i5,5,5
tg2aszys,5,5
3vpcaply,5,6
z0rxrnnq,5,6
hf30noug,5,6
0tv4w4i5,5,6
tg2aszys,5,6
3vpcaply,5,7
z0rxrnnq,5,7
hf30noug,5,7
0tv4w4i5,5,7
tg2aszys,5,7
3vpcaply,5,8
z0rxrnnq,5,8
hf30noug,5,8
0tv4w4i5,5,8
tg2aszys,5,8
3vpcaply,5,9
z0rxrnnq,5,9
hf30noug,5,9
0tv4w4i5,5,9
tg2aszys,5,9
3vpcaply,5,10
z0rxrnnq,5,10
hf30noug,5,10
0tv4w4i5,5,10
tg2aszys,5,10
3vpcaply,5,11
z0rxrnnq,5,11
hf30noug,5,11
0tv4w4i5,5,11
tg2aszys,5,11
3vpcaply,5,12
z0rxrnnq,5,12
hf30noug,5,12
0tv4w4i5,5,12
tg2aszys,5,12
3vpcaply,5,13
z0rxrnnq,5,13
hf30noug,5,13
0tv4w4i5,5,13
tg2aszys,5,13
3vpcaply,5,14
z0rxrnnq,5,14
hf30noug,5,14
0tv4w4i5,5,14
tg2aszys,5,14
3vpcaply,5,15
z0rxrnnq,5,15
hf30noug,5,15
0tv4w4i5,5,15
tg2aszys,5,15
3vpcaply,5,16
z0rxrnnq,5,16
hf30noug,5,16
0tv4w4i5,5,16
tg2aszys,5,16
3vpcaply,5,17
z0rxrnnq,5,17
hf30noug,5,17
0tv4w4i5,5,17
tg2aszys,5,17
3vpcaply,5,18
z0rxrnnq,5,18
hf30noug,5,18
0tv4w4i5,5,18
tg2aszys,5,18
3vpcaply,5,19
z0rxrnnq,5,19
hf30noug,5,19
0tv4w4i5,5,19
tg2aszys,5,19
3vpcaply,5,20
z0rxrnnq,5,20
hf30noug,5,20
0tv4w4i5,5,20
tg2aszys,5,20
n7vpemz2,4,1
v26mzb6c,4,1
y0q2jnsm,4,1
2ygzmnz9,4,1
bysqs2ac,4,1
xe3765ql,4,1
p1dzzr2s,4,1
g84r969y,4,1
gxr64i8r,4,1
5ts6tpzo,4,1
lxt7o6sm,4,1
c7k2ws0c,4,1
vnykm72k,4,1
oiwrp35s,4,1
d6harnae,4,1
9cikjguk,4,1
biqw1l36,4,1
n9hxv5lk,4,1
d5t88opp,4,1
a60k5i9w,4,1
n7vpemz2,4,2
v26mzb6c,4,2
y0q2jnsm,4,2
2ygzmnz9,4,2
bysqs2ac,4,2
xe3765ql,4,2
p1dzzr2s,4,2
g84r969y,4,2
gxr64i8r,4,2
5ts6tpzo,4,2
lxt7o6sm,4,2
c7k2ws0c,4,2
vnykm72k,4,2
oiwrp35s,4,2
d6harnae,4,2
9cikjguk,4,2
biqw1l36,4,2
n9hxv5lk,4,2
d5t88opp,4,2
a60k5i9w,4,2
n7vpemz2,4,3
v26mzb6c,4,3
y0q2jnsm,4,3
2ygzmnz9,4,3
bysqs2ac,4,3
xe3765ql,4,3
p1dzzr2s,4,3
g84r969y,4,3
gxr64i8r,4,3
5ts6tpzo,4,3
lxt7o6sm,4,3
c7k2ws0c,4,3
vnykm72k,4,3
oiwrp35s,4,3
d6harnae,4,3
9cikjguk,4,3
biqw1l36,4,3
n9hxv5lk,4,3
d5t88opp,4,3
a60k5i9w,4,3
n7vpemz2,4,4
v26mzb6c,4,4
y0q2jnsm,4,4
2ygzmnz9,4,4
bysqs2ac,4,4
xe3765ql,4,4
p1dzzr2s,4,4
g84r969y,4,4
gxr64i8r,4,4
5ts6tpzo,4,4
lxt7o6sm,4,4
c7k2ws0c,4,4
vnykm72k,4,4
oiwrp35s,4,4
d6harnae,4,4
9cikjguk,4,4
biqw1l36,4,4
n9hxv5lk,4,4
d5t88opp,4,4
a60k5i9w,4,4
n7vpemz2,4,5
v26mzb6c,4,5
y0q2jnsm,4,5
2ygzmnz9,4,5
bysqs2ac,4,5
xe3765ql,4,5
p1dzzr2s,4,5
g84r969y,4,5
gxr64i8r,4,5
5ts6tpzo,4,5
lxt7o6sm,4,5
c7k2ws0c,4,5
vnykm72k,4,5
oiwrp35s,4,5
d6harnae,4,5
9cikjguk,4,5
biqw1l36,4,5
n9hxv5lk,4,5
d5t88opp,4,5
a60k5i9w,4,5
n7vpemz2,4,6
v26mzb6c,4,6
y0q2jnsm,4,6
2ygzmnz9,4,6
bysqs2ac,4,6
xe3765ql,4,6
p1dzzr2s,4,6
g84r969y,4,6
gxr64i8r,4,6
5ts6tpzo,4,6
lxt7o6sm,4,6
c7k2ws0c,4,6
vnykm72k,4,6
oiwrp35s,4,6
d6harnae,4,6
9cikjguk,4,6
biqw1l36,4,6
n9hxv5lk,4,6
d5t88opp,4,6
a60k5i9w,4,6
n7vpemz2,4,7
v26mzb6c,4,7
y0q2jnsm,4,7
2ygzmnz9,4,7
bysqs2ac,4,7
xe3765ql,4,7
p1dzzr2s,4,7
g84r969y,4,7
gxr64i8r,4,7
5ts6tpzo,4,7
lxt7o6sm,4,7
c7k2ws0c,4,7
vnykm72k,4,7
oiwrp35s,4,7
d6harnae,4,7
9cikjguk,4,7
biqw1l36,4,7
n9hxv5lk,4,7
d5t88opp,4,7
a60k5i9w,4,7
n7vpemz2,4,8
v26mzb6c,4,8
y0q2jnsm,4,8
2ygzmnz9,4,8
bysqs2ac,4,8
xe3765ql,4,8
p1dzzr2s,4,8
g84r969y,4,8
gxr64i8r,4,8
5ts6tpzo,4,8
lxt7o6sm,4,8
c7k2ws0c,4,8
vnykm72k,4,8
oiwrp35s,4,8
d6harnae,4,8
9cikjguk,4,8
biqw1l36,4,8
n9hxv5lk,4,8
d5t88opp,4,8
a60k5i9w,4,8
n7vpemz2,4,9
v26mzb6c,4,9
y0q2jnsm,4,9
2ygzmnz9,4,9
bysqs2ac,4,9
xe3765ql,4,9
p1dzzr2s,4,9
g84r969y,4,9
gxr64i8r,4,9
5ts6tpzo,4,9
lxt7o6sm,4,9
c7k2ws0c,4,9
vnykm72k,4,9
oiwrp35s,4,9
d6harnae,4,9
9cikjguk,4,9
biqw1l36,4,9
n9hxv5lk,4,9
d5t88opp,4,9
a60k5i9w,4,9
n7vpemz2,4,10
v26mzb6c,4,10
y0q2jnsm,4,10
2ygzmnz9,4,10
bysqs2ac,4,10
xe3765ql,4,10
p1dzzr2s,4,10
g84r969y,4,10
gxr64i8r,4,10
5ts6tpzo,4,10
lxt7o6sm,4,10
c7k2ws0c,4,10
vnykm72k,4,10
oiwrp35s,4,10
d6harnae,4,10
9cikjguk,4,10
biqw1l36,4,10
n9hxv5lk,4,10
d5t88opp,4,10
a60k5i9w,4,10
n7vpemz2,4,11
v26mzb6c,4,11
y0q2jnsm,4,11
2ygzmnz9,4,11
bysqs2ac,4,11
xe3765ql,4,11
p1dzzr2s,4,11
g84r969y,4,11
gxr64i8r,4,11
5ts6tpzo,4,11
lxt7o6sm,4,11
c7k2ws0c,4,11
vnykm72k,4,11
oiwrp35s,4,11
d6harnae,4,11
9cikjguk,4,11
biqw1l36,4,11
n9hxv5lk,4,11
d5t88opp,4,11
a60k5i9w,4,11
n7vpemz2,4,12
v26mzb6c,4,12
y0q2jnsm,4,12
2ygzmnz9,4,12
bysqs2ac,4,12
xe3765ql,4,12
p1dzzr2s,4,12
g84r969y,4,12
gxr64i8r,4,12
5ts6tpzo,4,12
lxt7o6sm,4,12
c7k2ws0c,4,12
vnykm72k,4,12
oiwrp35s,4,12
d6harnae,4,12
9cikjguk,4,12
biqw1l36,4,12
n9hxv5lk,4,12
d5t88opp,4,12
a60k5i9w,4,12
n7vpemz2,4,13
v26mzb6c,4,13
y0q2jnsm,4,13
2ygzmnz9,4,13
bysqs2ac,4,13
xe3765ql,4,13
p1dzzr2s,4,13
g84r969y,4,13
gxr64i8r,4,13
5ts6tpzo,4,13
lxt7o6sm,4,13
c7k2ws0c,4,13
vnykm72k,4,13
oiwrp35s,4,13
d6harnae,4,13
9cikjguk,4,13
biqw1l36,4,13
n9hxv5lk,4,13
d5t88opp,4,13
a60k5i9w,4,13
n7vpemz2,4,14
v26mzb6c,4,14
y0q2jnsm,4,14
2ygzmnz9,4,14
bysqs2ac,4,14
xe3765ql,4,14
p1dzzr2s,4,14
g84r969y,4,14
gxr64i8r,4,14
5ts6tpzo,4,14
lxt7o6sm,4,14
c7k2ws0c,4,14
vnykm72k,4,14
oiwrp35s,4,14
d6harnae,4,14
9cikjguk,4,14
biqw1l36,4,14
n9hxv5lk,4,14
d5t88opp,4,14
a60k5i9w,4,14
n7vpemz2,4,15
v26mzb6c,4,15
y0q2jnsm,4,15
2ygzmnz9,4,15
bysqs2ac,4,15
xe3765ql,4,15
p1dzzr2s,4,15
g84r969y,4,15
gxr64i8r,4,15
5ts6tpzo,4,15
lxt7o6sm,4,15
c7k2ws0c,4,15
vnykm72k,4,15
oiwrp35s,4,15
d6harnae,4,15
9cikjguk,4,15
biqw1l36,4,15
n9hxv5lk,4,15
d5t88opp,4,15
a60k5i9w,4,15
n7vpemz2,4,16
v26mzb6c,4,16
y0q2jnsm,4,16
2ygzmnz9,4,16
bysqs2ac,4,16
xe3765ql,4,16
p1dzzr2s,4,16
g84r969y,4,16
gxr64i8r,4,16
5ts6tpzo,4,16
lxt7o6sm,4,16
c7k2ws0c,4,16
vnykm72k,4,16
oiwrp35s,4,16
d6harnae,4,16
9cikjguk,4,16
biqw1l36,4,16
n9hxv5lk,4,16
d5t88opp,4,16
a60k5i9w,4,16
n7vpemz2,4,17
v26mzb6c,4,17
y0q2jnsm,4,17
2ygzmnz9,4,17
bysqs2ac,4,17
xe3765ql,4,17
p1dzzr2s,4,17
g84r969y,4,17
gxr64i8r,4,17
5ts6tpzo,4,17
lxt7o6sm,4,17
c7k2ws0c,4,17
vnykm72k,4,17
oiwrp35s,4,17
d6harnae,4,17
9cikjguk,4,17
biqw1l36,4,17
n9hxv5lk,4,17
d5t88opp,4,17
a60k5i9w,4,17
n7vpemz2,4,18
v26mzb6c,4,18
y0q2jnsm,4,18
2ygzmnz9,4,18
bysqs2ac,4,18
xe3765ql,4,18
p1dzzr2s,4,18
g84r969y,4,18
gxr64i8r,4,18
5ts6tpzo,4,18
lxt7o6sm,4,18
c7k2ws0c,4,18
vnykm72k,4,18
oiwrp35s,4,18
d6harnae,4,18
9cikjguk,4,18
biqw1l36,4,18
n9hxv5lk,4,18
d5t88opp,4,18
a60k5i9w,4,18
n7vpemz2,4,19
v26mzb6c,4,19
y0q2jnsm,4,19
2ygzmnz9,4,19
bysqs2ac,4,19
xe3765ql,4,19
p1dzzr2s,4,19
g84r969y,4,19
gxr64i8r,4,19
5ts6tpzo,4,19
lxt7o6sm,4,19
c7k2ws0c,4,19
vnykm72k,4,19
oiwrp35s,4,19
d6harnae,4,19
9cikjguk,4,19
biqw1l36,4,19
n9hxv5lk,4,19
d5t88opp,4,19
a60k5i9w,4,19
n7vpemz2,4,20
v26mzb6c,4,20
y0q2jnsm,4,20
2ygzmnz9,4,20
bysqs2ac,4,20
xe3765ql,4,20
p1dzzr2s,4,20
g84r969y,4,20
gxr64i8r,4,20
5ts6tpzo,4,20
lxt7o6sm,4,20
c7k2ws0c,4,20
vnykm72k,4,20
oiwrp35s,4,20
d6harnae,4,20
9cikjguk,4,20
biqw1l36,4,20
n9hxv5lk,4,20
d5t88opp,4,20
a60k5i9w,4,20
hogk0jl9,4,1
vedi2q2d,4,1
4wv5tk4v,4,1
5cs0wmvl,4,1
lmp9ngf4,4,1
hhrookd2,4,1
ot3r1xw1,4,1
q5n6k41z,4,1
jbz1y5sl,4,1
1eydd0jj,4,1
5ie1bpu4,4,1
9jhn3kb4,4,1
b0je0mwr,4,1
m9hu5tku,4,1
3di9vioo,4,1
uefnt3zt,4,1
l3hb9yeg,4,1
0xxgoaz8,4,1
rv0au94i,4,1
kn4swjew,4,1
hogk0jl9,4,2
vedi2q2d,4,2
4wv5tk4v,4,2
5cs0wmvl,4,2
lmp9ngf4,4,2
hhrookd2,4,2
ot3r1xw1,4,2
q5n6k41z,4,2
jbz1y5sl,4,2
1eydd0jj,4,2
5ie1bpu4,4,2
9jhn3kb4,4,2
b0je0mwr,4,2
m9hu5tku,4,2
3di9vioo,4,2
uefnt3zt,4,2
l3hb9yeg,4,2
0xxgoaz8,4,2
rv0au94i,4,2
kn4swjew,4,2
hogk0jl9,4,3
vedi2q2d,4,3
4wv5tk4v,4,3
5cs0wmvl,4,3
lmp9ngf4,4,3
hhrookd2,4,3
ot3r1xw1,4,3
q5n6k41z,4,3
jbz1y5sl,4,3
1eydd0jj,4,3
5ie1bpu4,4,3
9jhn3kb4,4,3
b0je0mwr,4,3
m9hu5tku,4,3
3di9vioo,4,3
uefnt3zt,4,3
l3hb9yeg,4,3
0xxgoaz8,4,3
rv0au94i,4,3
kn4swjew,4,3
hogk0jl9,4,4
vedi2q2d,4,4
4wv5tk4v,4,4
5cs0wmvl,4,4
lmp9ngf4,4,4
hhrookd2,4,4
ot3r1xw1,4,4
q5n6k41z,4,4
jbz1y5sl,4,4
1eydd0jj,4,4
5ie1bpu4,4,4
9jhn3kb4,4,4
b0je0mwr,4,4
m9hu5tku,4,4
3di9vioo,4,4
uefnt3zt,4,4
l3hb9yeg,4,4
0xxgoaz8,4,4
rv0au94i,4,4
kn4swjew,4,4
hogk0jl9,4,5
vedi2q2d,4,5
4wv5tk4v,4,5
5cs0wmvl,4,5
lmp9ngf4,4,5
hhrookd2,4,5
ot3r1xw1,4,5
q5n6k41z,4,5
jbz1y5sl,4,5
1eydd0jj,4,5
5ie1bpu4,4,5
9jhn3kb4,4,5
b0je0mwr,4,5
m9hu5tku,4,5
3di9vioo,4,5
uefnt3zt,4,5
l3hb9yeg,4,5
0xxgoaz8,4,5
rv0au94i,4,5
kn4swjew,4,5
hogk0jl9,4,6
vedi2q2d,4,6
4wv5tk4v,4,6
5cs0wmvl,4,6
lmp9ngf4,4,6
hhrookd2,4,6
ot3r1xw1,4,6
q5n6k41z,4,6
jbz1y5sl,4,6
1eydd0jj,4,6
5ie1bpu4,4,6
9jhn3kb4,4,6
b0je0mwr,4,6
m9hu5tku,4,6
3di9vioo,4,6
uefnt3zt,4,6
l3hb9yeg,4,6
0xxgoaz8,4,6
rv0au94i,4,6
kn4swjew,4,6
hogk0jl9,4,7
vedi2q2d,4,7
4wv5tk4v,4,7
5cs0wmvl,4,7
lmp9ngf4,4,7
hhrookd2,4,7
ot3r1xw1,4,7
q5n6k41z,4,7
jbz1y5sl,4,7
1eydd0jj,4,7
5ie1bpu4,4,7
9jhn3kb4,4,7
b0je0mwr,4,7
m9hu5tku,4,7
3di9vioo,4,7
uefnt3zt,4,7
l3hb9yeg,4,7
0xxgoaz8,4,7
rv0au94i,4,7
kn4swjew,4,7
hogk0jl9,4,8
vedi2q2d,4,8
4wv5tk4v,4,8
5cs0wmvl,4,8
lmp9ngf4,4,8
hhrookd2,4,8
ot3r1xw1,4,8
q5n6k41z,4,8
jbz1y5sl,4,8
1eydd0jj,4,8
5ie1bpu4,4,8
9jhn3kb4,4,8
b0je0mwr,4,8
m9hu5tku,4,8
3di9vioo,4,8
uefnt3zt,4,8
l3hb9yeg,4,8
0xxgoaz8,4,8
rv0au94i,4,8
kn4swjew,4,8
hogk0jl9,4,9
vedi2q2d,4,9
4wv5tk4v,4,9
5cs0wmvl,4,9
lmp9ngf4,4,9
hhrookd2,4,9
ot3r1xw1,4,9
q5n6k41z,4,9
jbz1y5sl,4,9
1eydd0jj,4,9
5ie1bpu4,4,9
9jhn3kb4,4,9
b0je0mwr,4,9
m9hu5tku,4,9
3di9vioo,4,9
uefnt3zt,4,9
l3hb9yeg,4,9
0xxgoaz8,4,9
rv0au94i,4,9
kn4swjew,4,9
hogk0jl9,4,10
vedi2q2d,4,10
4wv5tk4v,4,10
5cs0wmvl,4,10
lmp9ngf4,4,10
hhrookd2,4,10
ot3r1xw1,4,10
q5n6k41z,4,10
jbz1y5sl,4,10
1eydd0jj,4,10
5ie1bpu4,4,10
9jhn3kb4,4,10
b0je0mwr,4,10
m9hu5tku,4,10
3di9vioo,4,10
uefnt3zt,4,10
l3hb9yeg,4,10
0xxgoaz8,4,10
rv0au94i,4,10
kn4swjew,4,10
hogk0jl9,4,11
vedi2q2d,4,11
4wv5tk4v,4,11
5cs0wmvl,4,11
lmp9ngf4,4,11
hhrookd2,4,11
ot3r1xw1,4,11
q5n6k41z,4,11
jbz1y5sl,4,11
1eydd0jj,4,11
5ie1bpu4,4,11
9jhn3kb4,4,11
b0je0mwr,4,11
m9hu5tku,4,11
3di9vioo,4,11
uefnt3zt,4,11
l3hb9yeg,4,11
0xxgoaz8,4,11
rv0au94i,4,11
kn4swjew,4,11
hogk0jl9,4,12
vedi2q2d,4,12
4wv5tk4v,4,12
5cs0wmvl,4,12
lmp9ngf4,4,12
hhrookd2,4,12
ot3r1xw1,4,12
q5n6k41z,4,12
jbz1y5sl,4,12
1eydd0jj,4,12
5ie1bpu4,4,12
9jhn3kb4,4,12
b0je0mwr,4,12
m9hu5tku,4,12
3di9vioo,4,12
uefnt3zt,4,12
l3hb9yeg,4,12
0xxgoaz8,4,12
rv0au94i,4,12
kn4swjew,4,12
hogk0jl9,4,13
vedi2q2d,4,13
4wv5tk4v,4,13
5cs0wmvl,4,13
lmp9ngf4,4,13
hhrookd2,4,13
ot3r1xw1,4,13
q5n6k41z,4,13
jbz1y5sl,4,13
1eydd0jj,4,13
5ie1bpu4,4,13
9jhn3kb4,4,13
b0je0mwr,4,13
m9hu5tku,4,13
3di9vioo,4,13
uefnt3zt,4,13
l3hb9yeg,4,13
0xxgoaz8,4,13
rv0au94i,4,13
kn4swjew,4,13
hogk0jl9,4,14
vedi2q2d,4,14
4wv5tk4v,4,14
5cs0wmvl,4,14
lmp9ngf4,4,14
hhrookd2,4,14
ot3r1xw1,4,14
q5n6k41z,4,14
jbz1y5sl,4,14
1eydd0jj,4,14
5ie1bpu4,4,14
9jhn3kb4,4,14
b0je0mwr,4,14
m9hu5tku,4,14
3di9vioo,4,14
uefnt3zt,4,14
l3hb9yeg,4,14
0xxgoaz8,4,14
rv0au94i,4,14
kn4swjew,4,14
hogk0jl9,4,15
vedi2q2d,4,15
4wv5tk4v,4,15
5cs0wmvl,4,15
lmp9ngf4,4,15
hhrookd2,4,15
ot3r1xw1,4,15
q5n6k41z,4,15
jbz1y5sl,4,15
1eydd0jj,4,15
5ie1bpu4,4,15
9jhn3kb4,4,15
b0je0mwr,4,15
m9hu5tku,4,15
3di9vioo,4,15
uefnt3zt,4,15
l3hb9yeg,4,15
0xxgoaz8,4,15
rv0au94i,4,15
kn4swjew,4,15
hogk0jl9,4,16
vedi2q2d,4,16
4wv5tk4v,4,16
5cs0wmvl,4,16
lmp9ngf4,4,16
hhrookd2,4,16
ot3r1xw1,4,16
q5n6k41z,4,16
jbz1y5sl,4,16
1eydd0jj,4,16
5ie1bpu4,4,16
9jhn3kb4,4,16
b0je0mwr,4,16
m9hu5tku,4,16
3di9vioo,4,16
uefnt3zt,4,16
l3hb9yeg,4,16
0xxgoaz8,4,16
rv0au94i,4,16
kn4swjew,4,16
hogk0jl9,4,17
vedi2q2d,4,17
4wv5tk4v,4,17
5cs0wmvl,4,17
lmp9ngf4,4,17
hhrookd2,4,17
ot3r1xw1,4,17
q5n6k41z,4,17
jbz1y5sl,4,17
1eydd0jj,4,17
5ie1bpu4,4,17
9jhn3kb4,4,17
b0je0mwr,4,17
m9hu5tku,4,17
3di9vioo,4,17
uefnt3zt,4,17
l3hb9yeg,4,17
0xxgoaz8,4,17
rv0au94i,4,17
kn4swjew,4,17
hogk0jl9,4,18
vedi2q2d,4,18
4wv5tk4v,4,18
5cs0wmvl,4,18
lmp9ngf4,4,18
hhrookd2,4,18
ot3r1xw1,4,18
q5n6k41z,4,18
jbz1y5sl,4,18
1eydd0jj,4,18
5ie1bpu4,4,18
9jhn3kb4,4,18
b0je0mwr,4,18
m9hu5tku,4,18
3di9vioo,4,18
uefnt3zt,4,18
l3hb9yeg,4,18
0xxgoaz8,4,18
rv0au94i,4,18
kn4swjew,4,18
hogk0jl9,4,19
vedi2q2d,4,19
4wv5tk4v,4,19
5cs0wmvl,4,19
lmp9ngf4,4,19
hhrookd2,4,19
ot3r1xw1,4,19
q5n6k41z,4,19
jbz1y5sl,4,19
1eydd0jj,4,19
5ie1bpu4,4,19
9jhn3kb4,4,19
b0je0mwr,4,19
m9hu5tku,4,19
3di9vioo,4,19
uefnt3zt,4,19
l3hb9yeg,4,19
0xxgoaz8,4,19
rv0au94i,4,19
kn4swjew,4,19
hogk0jl9,4,20
vedi2q2d,4,20
4wv5tk4v,4,20
5cs0wmvl,4,20
lmp9ngf4,4,20
hhrookd2,4,20
ot3r1xw1,4,20
q5n6k41z,4,20
jbz1y5sl,4,20
1eydd0jj,4,20
5ie1bpu4,4,20
9jhn3kb4,4,20
b0je0mwr,4,20
m9hu5tku,4,20
3di9vioo,4,20
uefnt3zt,4,20
l3hb9yeg,4,20
0xxgoaz8,4,20
rv0au94i,4,20
kn4swjew,4,20
uvakwdur,4,1
dot3hb5e,4,1
f6t1qroy,4,1
jyf560kk,4,1
h78j7j8m,4,1
3zjizqly,4,1
gfrptkuf,4,1
8886ungo,4,1
zyy7lwna,4,1
gowws5qf,4,1
0h6a0xq8,4,1
unioj1gy,4,1
plvgf0eg,4,1
w3icbwph,4,1
my8o7lk6,4,1
cclaxe7w,4,1
t30mf55p,4,1
92ybpwat,4,1
cfdf5lmg,4,1
z4v1vnsp,4,1
uvakwdur,4,2
dot3hb5e,4,2
f6t1qroy,4,2
jyf560kk,4,2
h78j7j8m,4,2
3zjizqly,4,2
gfrptkuf,4,2
8886ungo,4,2
zyy7lwna,4,2
gowws5qf,4,2
0h6a0xq8,4,2
unioj1gy,4,2
plvgf0eg,4,2
w3icbwph,4,2
my8o7lk6,4,2
cclaxe7w,4,2
t30mf55p,4,2
92ybpwat,4,2
cfdf5lmg,4,2
z4v1vnsp,4,2
uvakwdur,4,3
dot3hb5e,4,3
f6t1qroy,4,3
jyf560kk,4,3
h78j7j8m,4,3
3zjizqly,4,3
gfrptkuf,4,3
8886ungo,4,3
zyy7lwna,4,3
gowws5qf,4,3
0h6a0xq8,4,3
unioj1gy,4,3
plvgf0eg,4,3
w3icbwph,4,3
my8o7lk6,4,3
cclaxe7w,4,3
t30mf55p,4,3
92ybpwat,4,3
cfdf5lmg,4,3
z4v1vnsp,4,3
uvakwdur,4,4
dot3hb5e,4,4
f6t1qroy,4,4
jyf560kk,4,4
h78j7j8m,4,4
3zjizqly,4,4
gfrptkuf,4,4
8886ungo,4,4
zyy7lwna,4,4
gowws5qf,4,4
0h6a0xq8,4,4
unioj1gy,4,4
plvgf0eg,4,4
w3icbwph,4,4
my8o7lk6,4,4
cclaxe7w,4,4
t30mf55p,4,4
92ybpwat,4,4
cfdf5lmg,4,4
z4v1vnsp,4,4
uvakwdur,4,5
dot3hb5e,4,5
f6t1qroy,4,5
jyf560kk,4,5
h78j7j8m,4,5
3zjizqly,4,5
gfrptkuf,4,5
8886ungo,4,5
zyy7lwna,4,5
gowws5qf,4,5
0h6a0xq8,4,5
unioj1gy,4,5
plvgf0eg,4,5
w3icbwph,4,5
my8o7lk6,4,5
cclaxe7w,4,5
t30mf55p,4,5
92ybpwat,4,5
cfdf5lmg,4,5
z4v1vnsp,4,5
uvakwdur,4,6
dot3hb5e,4,6
f6t1qroy,4,6
jyf560kk,4,6
h78j7j8m,4,6
3zjizqly,4,6
gfrptkuf,4,6
8886ungo,4,6
zyy7lwna,4,6
gowws5qf,4,6
0h6a0xq8,4,6
unioj1gy,4,6
plvgf0eg,4,6
w3icbwph,4,6
my8o7lk6,4,6
cclaxe7w,4,6
t30mf55p,4,6
92ybpwat,4,6
cfdf5lmg,4,6
z4v1vnsp,4,6
uvakwdur,4,7
dot3hb5e,4,7
f6t1qroy,4,7
jyf560kk,4,7
h78j7j8m,4,7
3zjizqly,4,7
gfrptkuf,4,7
8886ungo,4,7
zyy7lwna,4,7
gowws5qf,4,7
0h6a0xq8,4,7
unioj1gy,4,7
plvgf0eg,4,7
w3icbwph,4,7
my8o7lk6,4,7
cclaxe7w,4,7
t30mf55p,4,7
92ybpwat,4,7
cfdf5lmg,4,7
z4v1vnsp,4,7
uvakwdur,4,8
dot3hb5e,4,8
f6t1qroy,4,8
jyf560kk,4,8
h78j7j8m,4,8
3zjizqly,4,8
gfrptkuf,4,8
8886ungo,4,8
zyy7lwna,4,8
gowws5qf,4,8
0h6a0xq8,4,8
unioj1gy,4,8
plvgf0eg,4,8
w3icbwph,4,8
my8o7lk6,4,8
cclaxe7w,4,8
t30mf55p,4,8
92ybpwat,4,8
cfdf5lmg,4,8
z4v1vnsp,4,8
uvakwdur,4,9
dot3hb5e,4,9
f6t1qroy,4,9
jyf560kk,4,9
h78j7j8m,4,9
3zjizqly,4,9
gfrptkuf,4,9
8886ungo,4,9
zyy7lwna,4,9
gowws5qf,4,9
0h6a0xq8,4,9
unioj1gy,4,9
plvgf0eg,4,9
w3icbwph,4,9
my8o7lk6,4,9
cclaxe7w,4,9
t30mf55p,4,9
92ybpwat,4,9
cfdf5lmg,4,9
z4v1vnsp,4,9
uvakwdur,4,10
dot3hb5e,4,10
f6t1qroy,4,10
jyf560kk,4,10
h78j7j8m,4,10
3zjizqly,4,10
gfrptkuf,4,10
8886ungo,4,10
zyy7lwna,4,10
gowws5qf,4,10
0h6a0xq8,4,10
unioj1gy,4,10
plvgf0eg,4,10
w3icbwph,4,10
my8o7lk6,4,10
cclaxe7w,4,10
t30mf55p,4,10
92ybpwat,4,10
cfdf5lmg,4,10
z4v1vnsp,4,10
uvakwdur,4,11
dot3hb5e,4,11
f6t1qroy,4,11
jyf560kk,4,11
h78j7j8m,4,11
3zjizqly,4,11
gfrptkuf,4,11
8886ungo,4,11
zyy7lwna,4,11
gowws5qf,4,11
0h6a0xq8,4,11
unioj1gy,4,11
plvgf0eg,4,11
w3icbwph,4,11
my8o7lk6,4,11
cclaxe7w,4,11
t30mf55p,4,11
92ybpwat,4,11
cfdf5lmg,4,11
z4v1vnsp,4,11
uvakwdur,4,12
dot3hb5e,4,12
f6t1qroy,4,12
jyf560kk,4,12
h78j7j8m,4,12
3zjizqly,4,12
gfrptkuf,4,12
8886ungo,4,12
zyy7lwna,4,12
gowws5qf,4,12
0h6a0xq8,4,12
unioj1gy,4,12
plvgf0eg,4,12
w3icbwph,4,12
my8o7lk6,4,12
cclaxe7w,4,12
t30mf55p,4,12
92ybpwat,4,12
cfdf5lmg,4,12
z4v1vnsp,4,12
uvakwdur,4,13
dot3hb5e,4,13
f6t1qroy,4,13
jyf560kk,4,13
h78j7j8m,4,13
3zjizqly,4,13
gfrptkuf,4,13
8886ungo,4,13
zyy7lwna,4,13
gowws5qf,4,13
0h6a0xq8,4,13
unioj1gy,4,13
plvgf0eg,4,13
w3icbwph,4,13
my8o7lk6,4,13
cclaxe7w,4,13
t30mf55p,4,13
92ybpwat,4,13
cfdf5lmg,4,13
z4v1vnsp,4,13
uvakwdur,4,14
dot3hb5e,4,14
f6t1qroy,4,14
jyf560kk,4,14
h78j7j8m,4,14
3zjizqly,4,14
gfrptkuf,4,14
8886ungo,4,14
zyy7lwna,4,14
gowws5qf,4,14
0h6a0xq8,4,14
unioj1gy,4,14
plvgf0eg,4,14
w3icbwph,4,14
my8o7lk6,4,14
cclaxe7w,4,14
t30mf55p,4,14
92ybpwat,4,14
cfdf5lmg,4,14
z4v1vnsp,4,14
uvakwdur,4,15
dot3hb5e,4,15
f6t1qroy,4,15
jyf560kk,4,15
h78j7j8m,4,15
3zjizqly,4,15
gfrptkuf,4,15
8886ungo,4,15
zyy7lwna,4,15
gowws5qf,4,15
0h6a0xq8,4,15
unioj1gy,4,15
plvgf0eg,4,15
w3icbwph,4,15
my8o7lk6,4,15
cclaxe7w,4,15
t30mf55p,4,15
92ybpwat,4,15
cfdf5lmg,4,15
z4v1vnsp,4,15
uvakwdur,4,16
dot3hb5e,4,16
f6t1qroy,4,16
jyf560kk,4,16
h78j7j8m,4,16
3zjizqly,4,16
gfrptkuf,4,16
8886ungo,4,16
zyy7lwna,4,16
gowws5qf,4,16
0h6a0xq8,4,16
unioj1gy,4,16
plvgf0eg,4,16
w3icbwph,4,16
my8o7lk6,4,16
cclaxe7w,4,16
t30mf55p,4,16
92ybpwat,4,16
cfdf5lmg,4,16
z4v1vnsp,4,16
uvakwdur,4,17
dot3hb5e,4,17
f6t1qroy,4,17
jyf560kk,4,17
h78j7j8m,4,17
3zjizqly,4,17
gfrptkuf,4,17
8886ungo,4,17
zyy7lwna,4,17
gowws5qf,4,17
0h6a0xq8,4,17
unioj1gy,4,17
plvgf0eg,4,17
w3icbwph,4,17
my8o7lk6,4,17
cclaxe7w,4,17
t30mf55p,4,17
92ybpwat,4,17
cfdf5lmg,4,17
z4v1vnsp,4,17
uvakwdur,4,18
dot3hb5e,4,18
f6t1qroy,4,18
jyf560kk,4,18
h78j7j8m,4,18
3zjizqly,4,18
gfrptkuf,4,18
8886ungo,4,18
zyy7lwna,4,18
gowws5qf,4,18
0h6a0xq8,4,18
unioj1gy,4,18
plvgf0eg,4,18
w3icbwph,4,18
my8o7lk6,4,18
cclaxe7w,4,18
t30mf55p,4,18
92ybpwat,4,18
cfdf5lmg,4,18
z4v1vnsp,4,18
uvakwdur,4,19
dot3hb5e,4,19
f6t1qroy,4,19
jyf560kk,4,19
h78j7j8m,4,19
3zjizqly,4,19
gfrptkuf,4,19
8886ungo,4,19
zyy7lwna,4,19
gowws5qf,4,19
0h6a0xq8,4,19
unioj1gy,4,19
plvgf0eg,4,19
w3icbwph,4,19
my8o7lk6,4,19
cclaxe7w,4,19
t30mf55p,4,19
92ybpwat,4,19
cfdf5lmg,4,19
z4v1vnsp,4,19
uvakwdur,4,20
dot3hb5e,4,20
f6t1qroy,4,20
jyf560kk,4,20
h78j7j8m,4,20
3zjizqly,4,20
gfrptkuf,4,20
8886ungo,4,20
zyy7lwna,4,20
gowws5qf,4,20
0h6a0xq8,4,20
unioj1gy,4,20
plvgf0eg,4,20
w3icbwph,4,20
my8o7lk6,4,20
cclaxe7w,4,20
t30mf55p,4,20
92ybpwat,4,20
cfdf5lmg,4,20
z4v1vnsp,4,20
